noc_2016,noc_title,harm.rank06,harm.rank16,harm.rank21,Diff 21 - 06,Diff 21 - 16,Skill Type,,,,,
1224,Property administrators,323.8124937,159.6928703,113.6935718,-210.1189219,-45.99929855,2,Positive,279,NOC Title,Rank in 06 - /448,Rank in 21 - /448
1252,Health information management occupations,247.6290453,183.8979233,51.65062757,-195.9784177,-132.2472957,2,Negative,168,Property administrators,393,107
714,Facility operation and maintenance managers,323.8124937,159.6928703,137.2411972,-186.5712964,-22.45167309,1,,,Health information management occupations,313,47
4165,"Health policy researchers, consultants and program officers",261.0755261,61.45420904,79.24124058,-181.8342856,17.78703153,1,,,Facility operation and maintenance managers,394,136
6623,Other sales related occupations,350.1066881,251.2701316,168.8757641,-181.230924,-82.39436756,6,,,"Health policy researchers, consultants and program officers",335,74
1215,"Supervisors, supply chain, tracking and scheduling co-ordination occupations",269.345091,91.98536432,96.61347533,-172.7316157,4.628111013,2,,,Other sales related occupations,414,192
632,Accommodation service managers,228.4179083,81.92581409,65.44981339,-162.9680949,-16.4760007,3,,,"Supervisors, supply chain, tracking and scheduling co-ordination occupations",344,84
5136,"Painters, sculptors and other visual artists",240.3136434,127.984421,82.14003333,-158.1736101,-45.84438764,1,,,Accommodation service managers,293,61
2275,Railway traffic controllers and marine traffic regulators,325.4730009,166.701452,168.1170401,-157.3559608,1.415588114,2,,,"Painters, sculptors and other visual artists",304,77
7362,Railway conductors and brakemen/women,325.4730009,166.701452,168.1170401,-157.3559608,1.415588114,3,,,Railway traffic controllers and marine traffic regulators,397,189
9474,Photographic and film processors,251.3506994,255.8147758,97.0467344,-154.303965,-158.7680414,4,,,Railway conductors and brakemen/women,398,190
1243,Medical administrative assistants,265.7699187,149.4301516,119.793603,-145.9763157,-29.63654855,2,,,,,
4112,Lawyers and Quebec notaries,330.1807877,174.8160542,187.7257068,-142.4550809,12.90965261,1,,,,,
3213,Animal health technologists and veterinary technicians,297.8655221,239.4436897,160.0658347,-137.7996874,-79.37785498,2,,,,,
2222,Agricultural and fish products inspectors,375.7191426,212.7397857,238.3211971,-137.3979454,25.58141144,2,,,,,
3124,Allied primary health practitioners,361.067431,227.4841916,230.1968089,-130.8706222,2.712617278,1,,,,,
8232,"Oil and gas well drillers, servicers, testers and related workers",258.2498962,128.1776245,128.8520899,-129.3978063,0.674465402,2,,,Top 10 NOC Titles - 2006,Top 10 NOC Titles - 2016,Top 10 NOC Titles - 2021
3233,Licensed practical nurses,324.6172832,260.2748692,201.1261873,-123.4910959,-59.14868194,2,,,Computer programmers and interactive media developers,Computer programmers and interactive media developers,Computer engineers (except software engineers and designers)
6521,Travel counsellors,176.5168037,60.55192443,55.78720309,-120.7296006,-4.764721336,5,,,Computer engineers (except software engineers and designers),Computer engineers (except software engineers and designers),Mechanical engineers
6235,Financial sales representatives,294.2063912,180.611047,175.5248959,-118.6814953,-5.086151108,2,,,Aerospace engineers,Aerospace engineers,Chemical engineers
6232,Real estate agents and salespersons,244.2575507,190.6398879,130.3813282,-113.8762224,-60.25855963,2,,,Information systems analysts and consultants,Information systems analysts and consultants,Computer network technicians
7251,Plumbers,280.1244165,159.0960133,166.2997487,-113.8246678,7.203735396,2,,,Electrical and electronics engineers,Electrical and electronics engineers,Computer programmers and interactive media developers
5221,Photographers,165.5355884,80.22044586,55.89711748,-109.638471,-24.32332838,2,,,Chemical engineers,Chemical engineers,Aerospace engineers
1226,Conference and event planners,223.4335877,119.9099317,122.3850504,-101.0485373,2.475118771,2,,,Broadcast technicians,Broadcast technicians,Electrical and electronics engineers
124,"Advertising, marketing and public relations managers",203.1337474,122.0021854,105.4582566,-97.67549077,-16.54392879,2,,,Computer and information systems managers,Computer and information systems managers,Industrial designers
423,"Managers in social, community and correctional services",260.5698061,173.8753498,166.5868019,-93.98300416,-7.288547937,2,,,Telecommunications installation and repair workers,Telecommunications installation and repair workers,Information systems testing technicians
3212,Medical laboratory technicians and pathologists' assistants,232.3342993,126.8642829,139.2511178,-93.08318151,12.38683495,2,,,User support technicians,User support technicians,Computer and information systems managers
6345,Upholsterers,347.8912224,257.668144,255.235929,-92.65529345,-2.432215059,3,,,,,
912,Utilities managers,169.7380732,64.43527598,77.08630217,-92.65177101,12.6510262,1,,,,,
5251,Athletes,294.0840276,188.7389048,204.2219362,-89.86209132,15.4830314,2,,,,,
311,Managers in health care,147.0452723,51.19137695,63.00931705,-84.03595524,11.8179401,1,,,,,
6222,Retail and wholesale buyers,243.5321468,150.8330998,161.3536674,-82.17847937,10.52056762,2,,,,,
3143,Occupational therapists,270.5405985,163.6384114,192.6211385,-77.91945999,28.98272716,1,,,,,
3219,Other medical technologists and technicians (except dental health),180.9160515,61.80801198,103.2243595,-77.69169203,41.41634749,2,,,,,
3142,Physiotherapists,281.1355173,202.2355249,204.3710668,-76.76445043,2.135541929,1,,,,,
4152,Social workers,330.4812508,254.5724521,253.9630821,-76.51816874,-0.609370089,1,,,,,
6511,Maîtres d'hôtel and hosts/hostesses,426.0231058,405.4914845,350.382246,-75.64085975,-55.10923848,5,,,,,
5111,Librarians,121.0350906,106.6619602,47.32756439,-73.70752624,-59.33439583,1,,,,,
2261,Non-destructive testers and inspection technicians,259.4252146,208.9603199,190.3336327,-69.09158184,-18.62668717,2,,,,,
4161,"Natural and applied science policy researchers, consultants and program officers",132.5187671,54.55717566,67.96583861,-64.5529285,13.40866295,1,,,,,
1253,Records management technicians,202.4709838,86.36970521,137.944902,-64.52608182,51.57519675,2,,,,,
3237,Other technical occupations in therapy and assessment,305.8972101,182.4055786,241.5153813,-64.38182881,59.10980268,2,,,,,
2132,Mechanical engineers,69.99137739,7.86379698,6.019507664,-63.97186972,-1.844289317,1,,,,,
9437,Woodworking machine operators,290.6616279,290.5854456,227.7321628,-62.92946503,-62.85328277,4,,,,,
3012,Registered nurses and registered psychiatric nurses,276.4122946,248.1029682,213.9003128,-62.51198185,-34.20265542,0,,,,,
4032,Elementary school and kindergarten teachers,240.2753997,193.8896245,178.0466734,-62.22872627,-15.84295112,0,,,,,
5223,Graphic arts technicians,114.5635053,38.88540706,52.38462623,-62.17887905,13.49921917,2,,,,,
3121,Optometrists,197.3146897,234.8174414,135.5960615,-61.71862827,-99.22137996,1,,,,,
2211,Chemical technologists and technicians,129.4878218,159.2003809,68.7966684,-60.69115338,-90.40371254,2,,,,,
7305,"Supervisors, motor transport and other ground transit operators",299.5414602,302.8610214,240.7274175,-58.81404274,-62.13360392,3,,,,,
5252,Coaches,246.3686363,204.2198709,187.6538007,-58.71483563,-16.56607022,2,,,,,
7612,Other trades helpers and labourers,208.776617,266.1048839,151.2057621,-57.57085484,-114.8991218,6,,,,,
2152,Landscape architects,113.9924201,81.57840089,57.30078624,-56.69163389,-24.27761465,1,,,,,
5231,Announcers and other broadcasters,90.70026781,28.69521304,35.08234468,-55.61792313,6.387131648,2,,,,,
1511,"Mail, postal and related workers",366.5963587,351.334444,311.3351377,-55.26122095,-39.99930626,5,,,,,
6512,Bartenders,410.9809985,387.8451708,355.9359014,-55.04509712,-31.90926943,5,,,,,
6733,"Janitors, caretakers and building superintendents",349.2369131,410.3598424,294.3066761,-54.93023704,-116.0531663,7,,,,,
8613,Aquaculture and marine harvest labourers,392.4109364,396.8298333,340.0395058,-52.37143059,-56.79032749,6,,,,,
4163,Business development officers and marketing researchers and consultants,128.5662189,68.2962573,78.21367159,-50.35254731,9.917414288,1,,,,,
1414,Receptionists,269.6816187,203.956907,219.3637498,-50.3178689,15.40684281,4,,,,,
6721,"Support occupations in accommodation, travel and facilities set-up services",349.6472455,355.3751356,301.5858631,-48.06138248,-53.78927255,7,,,,,
2254,Land survey technologists and technicians,103.857742,108.8225071,59.33914671,-44.51859533,-49.48336043,2,,,,,
3223,"Dental technologists, technicians and laboratory assistants",201.6831611,113.28312,157.8659084,-43.8172527,44.58278843,2,,,,,
1228,"Employment insurance, immigration, border services and revenue officers",160.9267491,162.484295,117.9563836,-42.97036549,-44.52791138,2,,,,,
7621,Public works and maintenance labourers,393.3724027,323.201488,350.9697234,-42.40267933,27.76823544,6,,,,,
5133,Musicians and singers,418.3338454,371.1460023,377.0585237,-41.27532168,5.912521353,1,,,,,
4153,"Family, marriage and other related counsellors",316.5769826,315.3590784,276.1956737,-40.38130888,-39.16340464,1,,,,,
7372,"Drillers and blasters - surface mining, quarrying and construction",269.073858,211.5910618,229.5228553,-39.55100274,17.93179347,3,,,,,
7373,Water well drillers,269.073858,211.5910618,229.5228553,-39.55100274,17.93179347,3,,,,,
3122,Chiropractors,242.2707241,183.8647399,203.6154994,-38.65522463,19.75075957,1,,,,,
6346,Funeral directors and embalmers,247.3356005,212.0086678,210.9960172,-36.3395833,-1.01265058,3,,,,,
5125,"Translators, terminologists and interpreters",309.95055,126.6487859,274.0803692,-35.87018076,147.4315834,1,,,,,
2121,Biologists and related scientists,129.7913614,98.61523706,94.12378556,-35.66757583,-4.491451503,1,,,,,
5222,Film and video camera operators,67.78062475,28.54660832,33.09626151,-34.68436324,4.549653184,2,,,,,
1431,Accounting and related clerks,222.0091697,248.813483,187.628016,-34.38115372,-61.18546706,4,,,,,
7321,"Automotive service technicians, truck and bus mechanics and mechanical repairers",188.2045072,77.94100518,154.5280423,-33.67646488,76.58703714,3,,,,,
731,Managers in transportation,175.3451413,164.5175581,141.9142873,-33.43085394,-22.60327082,3,,,,,
2263,Inspectors in public and environmental health and occupational health and safety,98.17767476,98.1645694,65.7497364,-32.42793836,-32.414833,2,,,,,
4167,"Recreation, sports and fitness policy researchers, consultants and program officers",96.41450139,33.80192277,64.30845701,-32.10604439,30.50653424,1,,,,,
7304,"Supervisors, railway transport operations",250.1950444,213.0997626,218.2483465,-31.94669793,5.148583888,3,,,,,
3216,Medical sonographers,217.6830851,172.7839686,187.815233,-29.86785215,15.03126438,2,,,,,
6344,"Jewellers, jewellery and watch repairers and related occupations",259.9164174,230.2080785,230.1094088,-29.80700855,-0.098669604,3,,,,,
3112,General practitioners and family physicians,210.765245,337.1113552,181.1879511,-29.57729391,-155.9234041,1,,,,,
2224,Conservation and fishery officers,156.6547144,124.5053133,127.1535258,-29.50118856,2.648212515,2,,,,,
911,Manufacturing managers,169.7380732,96.37450762,140.5714742,-29.16659901,44.19696654,1,,,,,
3222,Dental hygienists and dental therapists,339.3860732,308.7551381,310.3165941,-29.0694791,1.56145598,2,,,,,
4151,Psychologists,278.805126,190.5698574,249.911499,-28.89362699,59.34164163,1,,,,,
1222,Executive assistants,184.3651493,134.1068452,155.747433,-28.6177163,21.64058786,2,,,,,
5254,"Program leaders and instructors in recreation, sport and fitness",354.8774473,364.779894,326.2641836,-28.61326376,-38.51571047,2,,,,,
4033,Educational counsellors,188.6646808,169.8435721,161.2320349,-27.43264587,-8.611537137,0,,,,,
3141,Audiologists and speech-language pathologists,142.6308313,128.9470544,115.7254345,-26.90539677,-13.22161988,1,,,,,
1454,Survey interviewers and statistical clerks,122.8777836,86.41354476,96.18161501,-26.69616861,9.768070256,4,,,,,
6523,Airline ticket and service agents,147.3992879,98.99062756,120.7682432,-26.63104472,21.77761562,5,,,,,
6342,"Tailors, dressmakers, furriers and milliners",363.5723913,359.5890714,337.0982981,-26.47409317,-22.49077327,3,,,,,
9525,"Assemblers, fabricators and inspectors, industrial electrical motors and transformers",264.0961934,263.092166,237.8984549,-26.1977385,-25.19371116,5,,,,,
2242,Electronic service technicians (household and business equipment),64.46484464,35.02053835,38.31722116,-26.14762348,3.296682817,2,,,,,
2252,Industrial designers,36.98184615,16.99290685,12.66320067,-24.31864548,-4.329706181,2,,,,,
5241,Graphic designers and illustrators,69.54856502,45.83479374,45.23844427,-24.31012075,-0.596349467,2,,,,,
7232,Tool and die makers,64.68392735,36.03522601,40.66121251,-24.02271483,4.625986502,2,,,,,
112,Human resources managers,224.0904976,142.7467652,201.9683468,-22.12215081,59.22158161,1,,,,,
1415,Personnel clerks,169.2775348,177.1713746,147.4036769,-21.87385792,-29.76769766,4,,,,,
2272,Air traffic controllers and related occupations,88.56925246,76.51684128,66.91990227,-21.64935019,-9.596939006,2,,,,,
6341,Hairstylists and barbers,414.4554856,306.1471114,392.8186775,-21.6368081,86.67156605,3,,,,,
1423,Desktop publishing operators and related occupations,67.60256835,33.77433054,46.86943118,-20.73313717,13.09510064,4,,,,,
2233,Industrial engineering and manufacturing technologists and technicians,44.75808569,25.46955768,24.33361788,-20.42446781,-1.135939793,2,,,,,
1242,Legal administrative assistants,163.795733,165.0641575,143.4141545,-20.38157856,-21.65000301,2,,,,,
7531,Railway yard and track maintenance workers,216.8496767,183.4665725,196.7789111,-20.0707656,13.31233855,5,,,,,
2221,Biological technologists and technicians,141.2235441,93.91851177,121.7431811,-19.48036302,27.82466928,2,,,,,
6522,Pursers and flight attendants,279.7942163,348.1632931,261.4489398,-18.34527657,-86.7143533,5,,,,,
7233,Sheet metal workers,167.8296457,143.3017735,150.0942318,-17.73541394,6.792458254,2,,,,,
4311,Police officers (except commissioned),88.64957857,61.76548765,71.51028033,-17.13929824,9.744792673,3,,,,,
7331,Oil and solid fuel heating mechanics,116.8991528,111.9247588,99.83481619,-17.06433663,-12.08994262,3,,,,,
2225,Landscape and horticulture technicians and specialists,403.0087242,357.0539776,386.1018541,-16.9068701,29.04787651,2,,,,,
2255,Technical occupations in geomatics and meteorology,43.80780233,23.04494795,27.20530115,-16.60250118,4.160353198,2,,,,,
15,"Senior managers - trade, broadcasting and other services, n.e.c.",202.2854514,174.042532,186.6216598,-15.66379152,12.57912784,5,,,,,
7622,Railway and motor transport labourers,290.8901279,297.4986121,275.4957356,-15.39439235,-22.00287655,6,,,,,
4164,"Social policy researchers, consultants and program officers",121.4539328,71.33204109,106.2062579,-15.2476749,34.87421676,1,,,,,
7205,"Contractors and supervisors, other construction trades, installers, repairers and servicers",127.4374728,103.550855,112.202794,-15.23467885,8.651939021,2,,,,,
5227,"Support occupations in motion pictures, broadcasting, photography and the performing arts",179.2658247,169.2716974,164.0487471,-15.21707762,-5.222950326,2,,,,,
6711,"Food counter attendants, kitchen helpers and related support occupations",400.4956509,402.0966422,385.334629,-15.16102187,-16.76201325,7,,,,,
1123,"Professional occupations in advertising, marketing and public relations",134.9679166,66.75990918,119.879541,-15.08837559,53.11963185,1,,,,,
1254,Statistical officers and related research support occupations,49.8037818,24.82459891,34.90046335,-14.90331846,10.07586444,2,,,,,
2241,Electrical and electronics engineering technologists and technicians,41.11433649,21.63208443,26.32667789,-14.7876586,4.694593467,2,,,,,
2153,Urban and land use planners,162.7311048,157.8627937,149.3766359,-13.3544689,-8.486157775,1,,,,,
6411,Sales and account representatives - wholesale trade (non-technical),183.8090835,261.2896359,170.6488988,-13.16018467,-90.64073708,4,,,,,
5123,Journalists,89.63255877,146.6924539,76.9198818,-12.71267698,-69.7725721,1,,,,,
2232,Mechanical engineering technologists and technicians,49.91317185,47.04177252,38.74122961,-11.17194224,-8.300542912,2,,,,,
9413,Glass forming and finishing machine operators and glass cutters,285.1181114,225.5572193,274.854887,-10.26322438,49.29766775,4,,,,,
7282,Concrete finishers,336.8294672,274.2595527,326.7331429,-10.09632434,52.47359019,2,,,,,
6321,Chefs,194.0437259,265.9758515,184.3556791,-9.688046754,-81.62017244,3,,,,,
2154,Land surveyors,43.81248047,27.3760947,34.22648223,-9.585998242,6.850387526,1,,,,,
7231,Machinists and machining and tooling inspectors,139.5473527,90.03992502,130.6624464,-8.884906321,40.62252136,2,,,,,
7316,Machine fitters,139.5473527,90.03992502,130.6624464,-8.884906321,40.62252136,3,,,,,
9473,Binding and finishing machine operators,276.8590668,244.4338277,268.2056921,-8.653374724,23.77186441,4,,,,,
2281,Computer network technicians,15.6223176,7.537965946,7.324460762,-8.297856835,-0.213505184,2,,,,,
3131,Pharmacists,171.7751255,147.3843344,164.3937601,-7.381365385,17.00942567,1,,,,,
2142,Metallurgical and materials engineers,32.31763753,22.49257793,24.94562881,-7.37200872,2.453050874,1,,,,,
3413,"Nurse aides, orderlies and patient service associates",364.3788295,344.3631751,357.4509763,-6.927853209,13.08780116,4,,,,,
4411,Home child care providers,414.3114043,367.9779131,407.387561,-6.923843389,39.40964785,4,,,,,
1524,Purchasing and inventory control workers,222.6352123,190.0405751,215.8369889,-6.798223347,25.79641379,5,,,,,
132,Postal and courier services managers,118.645513,100.9560518,111.9369434,-6.708569593,10.9808916,3,,,,,
1214,"Supervisors, mail and message distribution occupations",118.645513,100.9560518,111.9369434,-6.708569593,10.9808916,2,,,,,
621,Retail and wholesale trade managers,129.2625422,116.74492,122.6954723,-6.567069943,5.950552239,2,,,,,
2231,Civil engineering technologists and technicians,69.59513388,69.15290684,63.16932984,-6.425804041,-5.983576996,2,,,,,
711,Construction managers,81.07677641,71.5065804,74.71497333,-6.361803081,3.208392928,1,,,,,
712,Home building and renovation managers,81.07677641,71.5065804,74.71497333,-6.361803081,3.208392928,1,,,,,
5232,"Other performers, n.e.c.",474.9429778,404.4746192,468.6136985,-6.329279283,64.13907934,2,,,,,
9522,"Motor vehicle assemblers, inspectors and testers",257.0772963,265.6908388,251.0174834,-6.059812972,-14.67335547,5,,,,,
9526,Mechanical assemblers and inspectors,257.0772963,265.6908388,251.0174834,-6.059812972,-14.67335547,5,,,,,
2251,Architectural technologists and technicians,46.25922731,51.18929279,40.53731343,-5.721913874,-10.65197936,2,,,,,
6513,Food and beverage servers,413.422429,363.5284139,407.7792767,-5.643152277,44.25086287,5,,,,,
2253,Drafting technologists and technicians,48.21259123,43.67832589,42.79730873,-5.415282507,-0.881017168,2,,,,,
3215,Medical radiation technologists,155.1223112,114.5833288,149.990583,-5.131728199,35.40725422,2,,,,,
4215,Instructors of persons with disabilities,222.9532002,212.7003941,218.2046309,-4.748569251,5.504236804,2,,,,,
1521,Shippers and receivers,199.334512,255.6351279,194.9709705,-4.36354144,-60.66415732,5,,,,,
7522,Public works maintenance equipment operators and related workers,265.9357421,217.2896398,261.7255362,-4.210205941,44.43589637,5,,,,,
2283,Information systems testing technicians,17.0494975,11.87292338,13.41043865,-3.639058847,1.53751527,2,,,,,
2141,Industrial and manufacturing engineers,33.71445931,30.28853489,30.55916815,-3.155291161,0.270633257,1,,,,,
7245,Telecommunications line and cable workers,22.92305211,16.50906641,19.77539863,-3.147653474,3.266332221,2,,,,,
2134,Chemical engineers,9.363131378,14.05033032,7.078030055,-2.285101324,-6.972300266,1,,,,,
2147,Computer engineers (except software engineers and designers),6.676970634,7.6998298,4.541133455,-2.135837178,-3.158696345,1,,,,,
2151,Architects,34.61831939,55.57768315,33.19273043,-1.425588959,-22.38495272,1,,,,,
2143,Mining engineers,22.19805969,16.16744331,21.45877118,-0.739288503,5.291327871,1,,,,,
2144,Geological engineers,22.19805969,16.16744331,21.45877118,-0.739288503,5.291327871,1,,,,,
12,Senior government managers and officials,174.4724679,165.6366358,174.3141337,-0.158334178,8.677497905,2,,,,,
13,"Senior managers - financial, communications and other business services",174.4724679,165.6366358,174.3141337,-0.158334178,8.677497905,3,,,,,
14,"Senior managers - health, education, social and community services and membership organizations",174.4724679,165.6366358,174.3141337,-0.158334178,8.677497905,4,,,,,
16,"Senior managers - construction, transportation, production and utilities",174.4724679,165.6366358,174.3141337,-0.158334178,8.677497905,6,,,,,
9619,"Other labourers in processing, manufacturing and utilities",283.8169319,333.7738554,284.0207768,0.203844894,-49.75307861,6,,,,,
5131,"Producers, directors, choreographers and related occupations",86.83059444,91.1109552,87.08138231,0.250787874,-4.029572886,1,,,,,
3011,Nursing co-ordinators and supervisors,147.0452723,169.5644526,147.3944078,0.349135547,-22.1700448,0,,,,,
6541,Security guards and related security service occupations,288.8511709,149.8034679,289.7816941,0.930523195,139.9782262,5,,,,,
2111,Physicists and astronomers,21.82897527,23.78286012,22.82865327,0.99967801,-0.954206849,1,,,,,
2146,Aerospace engineers,7.148095972,6.918097028,8.201328676,1.053232703,1.283231648,1,,,,,
125,Other business services managers,165.7720758,123.4997799,166.9540723,1.181996472,43.45429237,2,,,,,
6532,Outdoor sport and recreational guides,200.5864776,277.3937875,201.9892576,1.402779951,-75.40452994,5,,,,,
113,Purchasing managers,102.8101827,121.9098051,104.2404975,1.4303148,-17.66930767,1,,,,,
3111,Specialist physicians,209.4103066,193.7295919,211.0476535,1.63734687,17.31806162,1,,,,,
2172,Database analysts and data administrators,13.57679515,7.870396323,15.4275799,1.85078475,7.557183577,1,,,,,
2174,Computer programmers and interactive media developers,5.616946012,4.305868482,7.648555539,2.031609527,3.342687056,1,,,,,
2133,Electrical and electronics engineers,8.839285714,13.50146416,11.56552779,2.726242078,-1.935936363,1,,,,,
6621,Service station attendants,160.018801,182.8588998,162.9165183,2.897717235,-19.94238154,6,,,,,
9521,Aircraft assemblers and aircraft assembly inspectors,221.0577438,256.2986625,224.0049924,2.947248649,-32.29367005,5,,,,,
7246,Telecommunications installation and repair workers,11.06136308,17.5144049,14.06772429,3.00636121,-3.446680611,2,,,,,
213,Computer and information systems managers,10.03993839,20.96166739,13.58952486,3.549586476,-7.372142527,1,,,,,
1512,Letter carriers,457.2647576,431.9345592,461.1747359,3.909978235,29.24017666,5,,,,,
4162,Economists and economic policy researchers and analysts,53.44657504,56.30320955,57.42755281,3.980977772,1.124343262,1,,,,,
8411,Underground mine service and support workers,286.5176528,178.3809938,291.8126377,5.294984924,113.4316439,4,,,,,
5224,Broadcast technicians,9.654238219,17.08122779,15.58147891,5.927240693,-1.499748874,2,,,,,
5225,Audio and video recording technicians,21.79821923,23.84875575,27.74491446,5.946695225,3.896158703,2,,,,,
2148,"Other professional engineers, n.e.c.",16.92171762,22.89538748,23.33097048,6.409252857,0.435582993,1,,,,,
5122,Editors,147.1511227,110.4333889,153.6427301,6.491607329,43.20934114,1,,,,,
4216,Other instructors,281.2307333,334.6096985,288.1396396,6.908906322,-46.47005891,2,,,,,
7333,Electrical mechanics,59.92704478,79.76938302,67.12830102,7.201256233,-12.641082,3,,,,,
1451,Library assistants and clerks,255.4283429,149.1765014,263.4883634,8.060020523,114.311862,4,,,,,
4423,"By-law enforcement and other regulatory officers, n.e.c.",161.0494581,158.2498248,169.1992242,8.14976609,10.9493994,4,,,,,
7315,Aircraft mechanics and aircraft inspectors,114.1553837,110.6310961,122.6087531,8.453369406,11.97765704,3,,,,,
212,Architecture and science managers,49.60856773,44.95188751,58.19696383,8.588396096,13.24507632,1,,,,,
2264,Construction inspectors,93.81894764,111.1424134,102.6621074,8.843159784,-8.480305945,2,,,,,
7311,Construction millwrights and industrial mechanics,101.3370479,93.56574407,110.2673462,8.930298306,16.70160216,3,,,,,
7512,"Bus drivers, subway operators and other transit operators",241.7921881,228.0363812,250.9483192,9.156131132,22.91193802,5,,,,,
9415,"Inspectors and testers, mineral and metal processing",259.4252146,309.6802591,268.9529108,9.527696255,-40.72734826,4,,,,,
9447,"Inspectors and graders, textile, fabric, fur and leather products manufacturing",259.4252146,309.6802591,268.9529108,9.527696255,-40.72734826,4,,,,,
9465,"Testers and graders, food, beverage and associated products processing",259.4252146,309.6802591,268.9529108,9.527696255,-40.72734826,4,,,,,
9527,"Machine operators and inspectors, electrical apparatus manufacturing",259.4252146,309.6802591,268.9529108,9.527696255,-40.72734826,5,,,,,
9535,"Plastic products assemblers, finishers and inspectors",259.4252146,309.6802591,268.9529108,9.527696255,-40.72734826,5,,,,,
512,"Managers - publishing, motion pictures, broadcasting and performing arts",17.28638566,25.00411474,26.87318299,9.586797331,1.869068248,1,,,,,
7533,Boat and cable ferry operators and related occupations,117.8723409,114.1880964,127.5159431,9.643602112,13.32784668,5,,,,,
1452,"Correspondence, publication and regulatory clerks",232.6745638,212.6805034,242.6785369,10.00397301,29.9980335,4,,,,,
5244,Artisans and craftspersons,240.138727,244.3884495,250.4184433,10.27971631,6.029993804,2,,,,,
2223,Forestry technologists and technicians,111.1170599,93.50087905,121.6473086,10.53024873,28.14642955,2,,,,,
5226,"Other technical and co-ordinating occupations in motion pictures, broadcasting and the performing arts",325.4557859,306.9341373,336.4676743,11.0118884,29.533537,2,,,,,
1435,Collectors,172.4236008,162.484295,183.673377,11.24977627,21.189082,4,,,,,
2171,Information systems analysts and consultants,7.572908367,18.56387108,19.75475146,12.1818431,1.190880381,1,,,,,
5121,Authors and writers,130.603997,191.3608533,142.9066102,12.30261313,-48.45424312,1,,,,,
4155,Probation and parole officers and related occupations,203.138849,181.3524654,215.907882,12.76903301,34.55541657,1,,,,,
6622,"Store shelf stockers, clerks and order fillers",400.74858,377.0666436,413.5792157,12.83063569,36.51257213,6,,,,,
2114,Meteorologists and climatologists,27.45729549,47.06149502,41.21286434,13.75556884,-5.848630681,1,,,,,
2234,Construction estimators,44.02635507,52.59380689,58.03238572,14.00603065,5.438578833,2,,,,,
3221,Denturists,108.0678134,113.0796935,122.2070992,14.13928583,9.127405742,2,,,,,
2161,"Mathematicians, statisticians and actuaries",20.84338696,23.45770601,35.17770569,14.33431873,11.71999968,1,,,,,
2282,User support technicians,11.60816582,12.90525414,26.89528563,15.28711981,13.99003149,2,,,,,
9436,Lumber graders and other wood processing inspectors and graders,326.6339995,368.3872231,341.9693146,15.33531516,-26.41790852,4,,,,,
5253,Sports officials and referees,413.8104682,387.8586674,429.3940504,15.58358222,41.53538303,2,,,,,
6331,"Butchers, meat cutters and fishmongers - retail and wholesale",411.3366401,400.4250744,427.6669484,16.33030829,27.241874,3,,,,,
4312,Firefighters,82.21964253,91.63726762,99.05972304,16.84008051,7.422455411,3,,,,,
9472,"Camera, platemaking and other prepress occupations",65.23372658,67.02708452,82.5544359,17.32070933,15.52735139,4,,,,,
2244,"Aircraft instrument, electrical and avionics mechanics, technicians and inspectors",45.46136129,51.3236642,63.06714913,17.60578783,11.74348493,2,,,,,
2273,"Deck officers, water transport",90.98622411,114.1880964,109.3356895,18.34946537,-4.852406898,2,,,,,
9243,Water and waste treatment plant operators,121.7130254,124.6725062,140.7180685,19.0050431,16.04556231,2,,,,,
7242,Industrial electricians,65.18224239,92.27683272,84.84227321,19.66003081,-7.434559519,2,,,,,
2145,Petroleum engineers,20.73511721,23.13707763,40.65446298,19.91934576,17.51738535,1,,,,,
5243,"Theatre, fashion, exhibit and other creative designers",198.3880822,161.1052187,218.8471263,20.45904408,57.7419076,2,,,,,
122,"Banking, credit and other investment managers",115.9401107,116.5787948,136.6364645,20.69635377,20.05766967,2,,,,,
7201,"Contractors and supervisors, machining, metal forming, shaping and erecting trades and related occupations",175.0724826,182.5091605,196.0598949,20.98741227,13.55073439,2,,,,,
7202,"Contractors and supervisors, electrical trades and telecommunications occupations",175.0724826,182.5091605,196.0598949,20.98741227,13.55073439,2,,,,,
7203,"Contractors and supervisors, pipefitting trades",175.0724826,182.5091605,196.0598949,20.98741227,13.55073439,2,,,,,
7204,"Contractors and supervisors, carpentry trades",175.0724826,182.5091605,196.0598949,20.98741227,13.55073439,2,,,,,
7302,"Contractors and supervisors, heavy equipment operator crews",175.0724826,182.5091605,196.0598949,20.98741227,13.55073439,3,,,,,
8221,"Supervisors, mining and quarrying",175.0724826,182.5091605,196.0598949,20.98741227,13.55073439,2,,,,,
8222,"Contractors and supervisors, oil and gas drilling and services",175.0724826,182.5091605,196.0598949,20.98741227,13.55073439,2,,,,,
2131,Civil engineers,14.3565327,9.527827778,35.40743531,21.05090261,25.87960753,1,,,,,
5245,"Patternmakers - textile, leather and fur products",105.1131873,117.5026035,126.4813422,21.36815494,8.978738745,2,,,,,
431,Commissioned police officers,80.58594245,68.65503285,102.1131328,21.52719039,33.4581,3,,,,,
7313,Refrigeration and air conditioning mechanics,78.33677915,106.9236841,99.92672854,21.58994939,-6.99695558,3,,,,,
2112,Chemists,45.17868452,58.41332853,66.8827918,21.70410728,8.469463269,1,,,,,
1213,"Supervisors, library, correspondence and related information workers",100.7753466,117.4250255,122.6008203,21.82547379,5.175794845,2,,,,,
5113,Archivists,100.7753466,117.4250255,122.6008203,21.82547379,5.175794845,1,,,,,
2113,Geoscientists and oceanographers,35.3953809,53.13323357,57.87643186,22.48105096,4.743198294,1,,,,,
3231,Opticians,215.2447793,220.3607965,238.4576138,23.2128345,18.09681733,2,,,,,
6311,Food service supervisors,315.9108931,302.5373458,339.3350554,23.42416238,36.7977096,3,,,,,
5134,Dancers,444.1341184,431.2803797,468.6468772,24.51275883,37.36649749,1,,,,,
2274,"Engineer officers, water transport",71.36726972,97.17155203,96.66625319,25.29898346,-0.505298842,2,,,,,
211,Engineering managers,15.5650517,13.19355911,42.83726226,27.27221056,29.64370315,1,,,,,
6563,Pet groomers and animal care workers,344.1352542,369.8485287,372.3510024,28.21574821,2.502473664,5,,,,,
1113,"Securities agents, investment dealers and brokers",106.4487959,94.38691382,135.5207365,29.07194065,41.13382272,1,,,,,
7303,"Supervisors, printing and related occupations",128.9123026,169.3969204,158.0715312,29.15922861,-11.32538924,3,,,,,
9211,"Supervisors, mineral and metal processing",128.9123026,169.3969204,158.0715312,29.15922861,-11.32538924,2,,,,,
9212,"Supervisors, petroleum, gas and chemical processing and utilities",128.9123026,169.3969204,158.0715312,29.15922861,-11.32538924,2,,,,,
9213,"Supervisors, food, beverage and associated products processing",128.9123026,169.3969204,158.0715312,29.15922861,-11.32538924,2,,,,,
9214,"Supervisors, plastic and rubber products manufacturing",128.9123026,169.3969204,158.0715312,29.15922861,-11.32538924,2,,,,,
9215,"Supervisors, forest products processing",128.9123026,169.3969204,158.0715312,29.15922861,-11.32538924,2,,,,,
9217,"Supervisors, textile, fabric, fur and leather products processing and manufacturing",128.9123026,169.3969204,158.0715312,29.15922861,-11.32538924,2,,,,,
9221,"Supervisors, motor vehicle assembling",128.9123026,169.3969204,158.0715312,29.15922861,-11.32538924,2,,,,,
9222,"Supervisors, electronics manufacturing",128.9123026,169.3969204,158.0715312,29.15922861,-11.32538924,2,,,,,
9224,"Supervisors, furniture and fixtures manufacturing",128.9123026,169.3969204,158.0715312,29.15922861,-11.32538924,2,,,,,
9226,"Supervisors, other mechanical and metal products manufacturing",128.9123026,169.3969204,158.0715312,29.15922861,-11.32538924,2,,,,,
9227,"Supervisors, other products manufacturing and assembly",128.9123026,169.3969204,158.0715312,29.15922861,-11.32538924,2,,,,,
7241,Electricians (except industrial and power system),52.0920734,85.40356574,81.26728659,29.17521319,-4.136279147,2,,,,,
7243,Power system electricians,52.0920734,85.40356574,81.26728659,29.17521319,-4.136279147,2,,,,,
1434,"Banking, insurance and other financial clerks",203.975218,160.2360478,234.1064578,30.13123975,73.87040997,4,,,,,
1422,Data entry clerks,128.9550397,131.0501095,160.5702005,31.61516081,29.520091,4,,,,,
5242,Interior designers and interior decorators,68.00081936,177.9837969,99.72194012,31.72112076,-78.26185674,2,,,,,
7381,Printing press operators,277.6509858,192.3796584,310.1297827,32.47879689,117.7501243,3,,,,,
7271,Carpenters,186.8112694,156.0601401,220.1214811,33.31021175,64.06134105,2,,,,,
1223,Human resources and recruitment officers,210.3315873,179.352146,243.6828282,33.35124091,64.33068222,2,,,,,
513,"Recreation, sports and fitness program and service directors",277.0507824,348.2641796,310.7405912,33.68980877,-37.52358839,1,,,,,
3132,Dietitians and nutritionists,141.7989165,147.1832672,175.6235227,33.82460618,28.44025552,1,,,,,
3144,Other professional occupations in therapy and assessment,215.2650672,206.0549693,249.2033326,33.93826544,43.14836329,1,,,,,
3113,Dentists,98.9396036,113.0796935,133.0077062,34.06810262,19.92801272,1,,,,,
1313,Insurance underwriters,259.4892565,287.4578238,293.703101,34.21384444,6.245277169,3,,,,,
432,Fire chiefs and senior firefighting officers,52.37556998,70.56219259,87.16168234,34.78611236,16.59948975,3,,,,,
121,"Insurance, real estate and financial brokerage managers",161.4888302,97.83790786,197.6773046,36.18847437,99.83939671,2,,,,,
6343,Shoe repairers and shoemakers,412.3989484,421.7203092,448.8458127,36.44686428,27.12550349,3,,,,,
4012,Post-secondary teaching and research assistants,71.82149544,78.51802696,108.5692451,36.74774964,30.05121812,0,,,,,
111,Financial managers,114.5730987,172.2760254,151.7489205,37.17582184,-20.52710491,1,,,,,
7272,Cabinetmakers,128.6569658,156.0601401,167.1752744,38.51830856,11.11513434,2,,,,,
2122,Forestry professionals,60.20912138,91.33545747,99.20549716,38.99637577,7.870039686,1,,,,,
4422,Correctional service officers,133.1424836,159.2708059,173.1590183,40.01653468,13.88821233,4,,,,,
1312,Insurance adjusters and claims examiners,160.7804049,195.6114283,201.5793375,40.79893259,5.967909193,3,,,,,
9531,Boat assemblers and inspectors,204.3160667,292.4875843,245.6631478,41.3470811,-46.82443652,5,,,,,
1513,"Couriers, messengers and door-to-door distributors",390.5286841,415.2174097,432.0080364,41.4793523,16.79062663,5,,,,,
1114,Other financial officers,135.3086666,113.4542581,176.9561107,41.64744405,63.50185255,1,,,,,
6313,"Accommodation, travel, tourism and related services supervisors",210.7028413,228.7920569,252.4111267,41.70828543,23.61906981,3,,,,,
7295,Floor covering installers,360.3551291,376.2356727,402.6725779,42.31744881,26.4369052,2,,,,,
9231,"Central control and process operators, mineral and metal processing",237.7809787,339.2637473,281.4767517,43.69577298,-57.78699561,2,,,,,
9432,Pulp mill machine operators,260.0364176,211.9392138,304.2385129,44.20209538,92.29929909,4,,,,,
9462,"Industrial butchers and meat cutters, poultry preparers and related workers",362.2501125,400.4250744,406.5450744,44.29496188,6.119999974,4,,,,,
1311,Accounting technicians and bookkeepers,161.2472865,248.813483,206.127896,44.88060946,-42.68558706,3,,,,,
7301,"Contractors and supervisors, mechanic trades",140.5042876,132.8772347,185.4256818,44.92139427,52.5484471,3,,,,,
4021,College and other vocational instructors,98.20972302,154.581855,143.6955301,45.48580709,-10.88632492,0,,,,,
5132,"Conductors, composers and arrangers",152.0845148,179.8088781,197.6664873,45.58197244,17.85760914,1,,,,,
1225,Purchasing agents and officers,110.023811,116.1982076,155.7404724,45.7166614,39.54226484,2,,,,,
4011,University professors and lecturers,96.58264981,142.8672449,142.3858278,45.80317796,-0.481417146,0,,,,,
822,Managers in horticulture,156.2395397,255.1167801,202.8447152,46.60517552,-52.27206495,2,,,,,
9434,Other wood processing machine operators,294.2242151,309.8037202,340.91813,46.6939149,31.11440983,4,,,,,
7292,Glaziers,326.1035859,346.2220473,373.3092675,47.20568167,27.08722018,2,,,,,
601,Corporate sales managers,139.9974578,124.3920892,187.5250703,47.52761244,63.13298106,0,,,,,
7384,"Other trades and related occupations, n.e.c.",91.76749129,144.0071856,139.7446784,47.97718708,-4.262507275,3,,,,,
6533,Casino occupations,333.503958,392.5243449,381.5118894,48.00793139,-11.01245551,5,,,,,
6322,Cooks,367.937099,396.0999306,416.7570548,48.81995589,20.65712421,3,,,,,
9461,"Process control and machine operators, food, beverage and associated products processing",295.7846379,340.5060986,345.0371424,49.25250454,4.531043815,4,,,,,
2212,Geological and mineral technologists and technicians,52.51081965,84.78956156,101.9536391,49.44281943,17.16407753,2,,,,,
7244,Electrical power line and cable workers,113.4835049,120.4988754,163.5569102,50.07340529,43.05803481,2,,,,,
5112,Conservators and curators,168.1705531,159.3637301,220.5341316,52.36357848,61.17040148,1,,,,,
1251,"Court reporters, medical transcriptionists and related occupations",75.80450972,119.1435686,128.5107224,52.70621265,9.367153778,2,,,,,
1525,Dispatchers,59.53334541,58.71524537,112.2846808,52.75133535,53.56943539,5,,,,,
2262,Engineering inspectors and regulatory officers,113.6594586,309.6802591,166.4296216,52.77016294,-143.2506375,2,,,,,
1111,Financial auditors and accountants,77.64171856,122.713189,130.7835471,53.14182855,8.070358153,1,,,,,
1432,Payroll clerks,234.8134943,256.106002,288.5429734,53.72947908,32.43697135,4,,,,,
9532,Furniture and fixture assemblers and inspectors,259.4252146,309.6802591,314.4640681,55.03885348,4.783808963,5,,,,,
8241,Logging machinery operators,363.4706708,412.102543,419.815751,56.34508021,7.713207966,2,,,,,
8612,Landscaping and grounds maintenance labourers,335.5307989,357.0539776,391.8782696,56.34747063,34.82429196,6,,,,,
7281,Bricklayers,278.3644315,330.5435549,334.9702792,56.60584771,4.426724343,2,,,,,
7441,Residential and commercial installers and servicers,192.3692865,119.5248343,249.702498,57.33321145,130.1776637,4,,,,,
4166,"Education policy researchers, consultants and program officers",82.85570141,156.7326331,141.7159853,58.86028392,-15.01664779,1,,,,,
4111,Judges,245.1162164,255.8646405,304.2056916,59.0894752,48.34105108,1,,,,,
7283,Tilesetters,276.813838,321.4320611,335.9462112,59.13237318,14.51415015,2,,,,,
1523,Production logistics co-ordinators,126.0720265,161.3551698,185.2682609,59.19623445,23.91309108,5,,,,,
4031,Secondary school teachers,116.9900256,130.8048277,177.48684,60.49681439,46.68201227,0,,,,,
7511,Transport truck drivers,294.2277057,244.935419,355.2112245,60.98351877,110.2758055,5,,,,,
8614,Mine labourers,230.7117075,178.3809938,291.8126377,61.1009302,113.4316439,6,,,,,
7335,Other small engine and small equipment repairers,156.277289,197.0680033,217.3997524,61.1224634,20.33174912,3,,,,,
8431,General farm workers,392.3449097,435.287006,455.1510618,62.80615217,19.86405578,4,,,,,
7312,Heavy-duty equipment mechanics,101.1913619,81.63822435,164.1115465,62.92018464,82.47332216,3,,,,,
6562,"Estheticians, electrologists and related occupations",370.3282797,404.3933251,434.9171824,64.5889027,30.52385725,5,,,,,
2243,Industrial instrument technicians and mechanics,64.59502569,64.95631721,129.6171234,65.02209774,64.66080622,2,,,,,
7318,Elevator constructors and mechanics,39.18357974,95.14083302,104.2336842,65.05010444,9.09285116,3,,,,,
7293,Insulators,300.8885625,344.211878,366.0483548,65.15979229,21.83647677,2,,,,,
6231,Insurance agents and brokers,142.0805677,238.8523447,207.2763153,65.19574763,-31.57602939,2,,,,,
821,Managers in agriculture,183.9247408,153.0871181,249.7966893,65.87194842,96.70957112,2,,,,,
3217,"Cardiology technologists and electrophysiological diagnostic technologists, n.e.c.",106.7971611,158.4824958,173.1418314,66.34467032,14.65933569,2,,,,,
421,Administrators - post-secondary education and vocational training,158.6818681,202.1589271,225.1157548,66.43388667,22.95682773,2,,,,,
9235,"Pulping, papermaking and coating control operators",291.2626129,321.1796361,358.0310035,66.76839053,36.85136736,2,,,,,
7314,Railway carmen/women,119.4465956,304.9592428,186.9355014,67.48890583,-118.0237413,3,,,,,
3211,Medical laboratory technologists,103.2046512,270.2854103,170.9536773,67.74902617,-99.33173293,2,,,,,
7322,Motor vehicle body repairers,310.6389593,359.0794353,378.8883036,68.24934425,19.80886825,3,,,,,
4421,Sheriffs and bailiffs,77.51862161,169.9508152,146.4227997,68.90417809,-23.52801549,4,,,,,
4412,"Home support workers, housekeepers and related occupations",389.8650613,432.1498664,458.8088857,68.94382438,26.65901928,4,,,,,
9446,Industrial sewing machine operators,380.1507804,447.6204828,450.0159374,69.86515702,2.395454586,4,,,,,
9423,Rubber processing machine operators and related workers,263.8186941,296.4634264,334.0197176,70.20102347,37.55629122,4,,,,,
7334,"Motorcycle, all-terrain vehicle and other related mechanics",118.44179,197.3751737,188.6544538,70.21266387,-8.720719831,3,,,,,
422,School principals and administrators of elementary and secondary education,174.1644457,204.5361957,246.2295332,72.0650875,41.69333749,2,,,,,
9414,"Concrete, clay and stone forming operators",255.1233388,286.7038035,327.3980557,72.27471687,40.6942522,4,,,,,
1221,Administrative officers,100.4097284,186.3320931,173.3788475,72.96911904,-12.95324565,2,,,,,
9435,Paper converting machine operators,269.9471989,317.6109739,344.0661588,74.11895992,26.45518486,4,,,,,
7535,Other automotive mechanical installers and servicers,146.8681593,206.5509688,221.8526627,74.98450341,15.3016939,5,,,,,
6531,Tour and travel guides,323.1040556,333.2018563,398.1393709,75.0353153,64.93751453,5,,,,,
631,Restaurant and food service managers,222.7113424,227.6932654,297.7558874,75.04454497,70.062622,3,,,,,
6524,"Ground and water transport ticket agents, cargo service representatives and related clerks",114.3585855,189.7745788,189.5505328,75.19194732,-0.224045991,5,,,,,
8231,Underground production and development miners,214.8349882,273.0298223,290.2241129,75.38912468,17.19429062,2,,,,,
2123,"Agricultural representatives, consultants and specialists",176.6889582,132.0927749,252.4167688,75.72781057,120.3239939,1,,,,,
7532,Water transport deck and engine room crew,143.4839469,217.3877829,219.4989046,76.01495764,2.111121671,5,,,,,
4413,Elementary and secondary school teacher assistants,329.0942667,275.9490692,405.2671999,76.17293319,129.3181308,4,,,,,
7236,Ironworkers,182.9333426,250.3609602,259.9613715,77.02802889,9.600411267,2,,,,,
9611,Labourers in mineral and metal processing,315.7250943,360.175882,393.1142707,77.38917643,32.9383887,6,,,,,
9614,"Labourers in wood, pulp and paper processing",315.7250943,360.175882,393.1142707,77.38917643,32.9383887,6,,,,,
9615,Labourers in rubber and plastic products manufacturing,315.7250943,360.175882,393.1142707,77.38917643,32.9383887,6,,,,,
9617,"Labourers in food, beverage and associated products processing",315.7250943,360.175882,393.1142707,77.38917643,32.9383887,6,,,,,
9618,Labourers in fish and seafood processing,315.7250943,360.175882,393.1142707,77.38917643,32.9383887,6,,,,,
1122,Professional occupations in business management consulting,46.84568274,103.6766885,124.5737863,77.72810355,20.89709777,1,,,,,
7237,Welders and related machine operators,260.6183165,319.8124952,342.891015,82.2726985,23.07851975,2,,,,,
9612,Labourers in metal fabrication,309.3458115,360.175882,393.1142707,83.76845928,32.9383887,6,,,,,
9463,Fish and seafood plant workers,263.5296805,312.0546153,347.8510979,84.3214174,35.79648268,4,,,,,
6561,"Image, social and other personal consultants",344.1605808,400.5042239,429.4390881,85.2785073,28.93486422,5,,,,,
9536,"Industrial painters, coaters and metal finishing process operators",288.9547604,355.7429821,375.7059305,86.75117006,19.96294834,5,,,,,
3125,Other professional occupations in health diagnosing and treating,172.2319729,147.2804775,261.0552608,88.8232879,113.7747833,1,,,,,
9232,"Petroleum, gas and chemical process operators",98.89150803,178.1325025,188.0940949,89.20258683,9.961592369,2,,,,,
9411,"Machine operators, mineral and metal processing",190.2797583,339.2637473,281.4767517,91.19699342,-57.78699561,4,,,,,
8211,"Supervisors, logging and forestry",175.7597494,185.6295813,268.301247,92.54149765,82.67166575,2,,,,,
7332,Appliance servicers and repairers,87.74232338,214.6112992,180.294186,92.55186259,-34.31711319,3,,,,,
7371,Crane operators,211.311779,267.0514269,304.2094149,92.89763585,37.15798795,3,,,,,
3234,Paramedical occupations,149.9756133,79.71768481,243.2391245,93.26351123,163.5214397,2,,,,,
7451,Longshore workers,316.3757508,420.3410964,410.4622038,94.086453,-9.878892562,4,,,,,
6551,Customer services representatives - financial institutions,72.30734274,154.258771,168.8396995,96.53235674,14.58092853,5,,,,,
8421,Chain saw and skidder operators,362.3013156,436.6795298,459.4786447,97.17732908,22.79911485,4,,,,,
5212,Technical occupations related to museums and art galleries,103.7627344,134.158868,201.3270916,97.56435725,67.16822363,2,,,,,
8615,"Oil and gas drilling, servicing and related labourers",218.3474117,241.7829329,317.1225231,98.77511142,75.33959026,6,,,,,
1314,"Assessors, valuators and appraisers",129.1365906,164.5471483,228.1926437,99.05605304,63.64549535,3,,,,,
7521,Heavy equipment operators (except crane),250.9923757,304.5583239,353.5905191,102.5981434,49.03219519,5,,,,,
114,Other administrative services managers,129.3133733,132.6484316,234.5332277,105.2198543,101.8847961,1,,,,,
4214,Early childhood educators and assistants,320.1593376,404.3520948,426.1459368,105.9865992,21.79384193,2,,,,,
7294,Painters and decorators (except interior decorators),359.9919686,403.3869295,467.7779132,107.7859446,64.39098372,2,,,,,
9416,Metalworking and forging machine operators,139.5495131,231.0094675,247.5081198,107.9586067,16.49865231,4,,,,,
5211,Library and public archive technicians,143.5022057,104.5737868,251.496311,107.9941053,146.9225243,2,,,,,
9441,"Textile fibre and yarn, hide and pelt processing machine operators and workers",278.7165398,351.4667674,386.720184,108.0036443,35.2534166,4,,,,,
3236,Massage therapists,228.7399824,395.3039026,337.1936836,108.4537012,-58.11021904,2,,,,,
6525,Hotel front desk clerks,100.1525709,197.8988145,208.6600697,108.5074988,10.76125517,5,,,,,
8422,Silviculture and forestry workers,78.27131464,179.3841068,187.0302599,108.7589452,7.646153103,4,,,,,
5135,Actors and comedians,348.0316133,370.022838,458.3232377,110.2916244,88.3003997,1,,,,,
9471,Plateless printing equipment operators,114.5635053,134.1178373,224.8945585,110.3310532,90.77672116,4,,,,,
4154,Professional occupations in religion,173.6695795,255.5153186,286.6474327,112.9778532,31.13211411,1,,,,,
7291,Roofers and shinglers,214.5592255,303.6422892,330.0125879,115.4533624,26.37029869,2,,,,,
6611,Cashiers,295.0311837,360.5616921,412.1065417,117.0753581,51.54484959,6,,,,,
9418,Other metal products machine operators,180.7140511,272.1194586,302.0938196,121.3797684,29.97436094,4,,,,,
3114,Veterinarians,151.8548153,212.5243345,273.3526272,121.4978119,60.8282927,1,,,,,
9422,Plastics processing machine operators,146.7787056,250.7016856,269.7071051,122.9283995,19.00541952,4,,,,,
7361,Railway and yard locomotive engineers,168.8920526,191.531445,292.3433774,123.4513248,100.8119324,3,,,,,
7252,"Steamfitters, pipefitters and sprinkler system installers",41.75976804,154.0093497,166.2997487,124.5399807,12.29039907,2,,,,,
7253,Gas fitters,41.75976804,154.0093497,166.2997487,124.5399807,12.29039907,2,,,,,
9431,Sawmill machine operators,272.8451476,367.9165153,397.6981025,124.8529549,29.78158716,4,,,,,
2271,"Air pilots, flight engineers and flying instructors",104.9489351,63.25664602,236.9868575,132.0379224,173.7302115,2,,,,,
1411,General office support workers,211.3230669,282.8577402,345.8295451,134.5064782,62.97180492,4,,,,,
8255,"Contractors and supervisors, landscaping, grounds maintenance and horticulture services",125.1232796,221.5732291,260.8628336,135.739554,39.28960458,2,,,,,
7234,Boilermakers,123.462317,235.7322086,260.7033316,137.2410146,24.97112298,2,,,,,
6732,Specialized cleaners,262.9925506,374.3520946,400.435076,137.4425255,26.08298148,7,,,,,
7284,"Plasterers, drywall installers and finishers and lathers",242.2202518,353.4270657,380.5348485,138.3145967,27.10778277,2,,,,,
6332,Bakers,200.4167112,315.9258647,342.106134,141.6894228,26.18026925,3,,,,,
7444,Pest controllers and fumigators,276.3399489,385.6467815,419.2643592,142.9244103,33.61757772,4,,,,,
9412,Foundry workers,234.499147,348.9437462,378.8280849,144.3289379,29.88433874,4,,,,,
9241,Power engineers and power systems operators,121.2888829,259.9488151,266.6517439,145.362861,6.702928849,2,,,,,
9421,Chemical plant machine operators,109.5402762,196.8702071,255.5000348,145.9597586,58.62982768,4,,,,,
414,Other managers in public administration,43.14135165,214.0861984,190.0033572,146.8620055,-24.08284118,1,,,,,
6316,Other services supervisors,199.7512579,319.1195714,351.3093214,151.5580635,32.18975002,3,,,,,
6314,Customer and information services supervisors,199.7512579,319.1195714,356.1126375,156.3613796,36.99306616,3,,,,,
6564,Other personal service occupations,199.7512579,319.1195714,356.1126375,156.3613796,36.99306616,5,,,,,
9523,"Electronics assemblers, fabricators, inspectors and testers",132.8450005,289.1099153,290.8430758,157.9980753,1.733160515,5,,,,,
7235,Structural metal and platework fabricators and fitters,122.8711596,254.4374926,282.6882992,159.8171396,28.25080661,2,,,,,
8412,Oil and gas well drilling and related workers and services operators,145.0163708,368.829804,305.099291,160.0829202,-63.73051296,4,,,,,
6312,Executive housekeepers,147.6118435,290.6960085,308.2595022,160.6476587,17.56349366,3,,,,,
6315,Cleaning supervisors,147.6118435,290.6960085,308.2595022,160.6476587,17.56349366,3,,,,,
1227,Court officers and justices of the peace,134.4619478,191.4273491,298.5575074,164.0955595,107.1301582,2,,,,,
1526,Transportation route and crew schedulers,102.2947676,109.0092325,268.2649068,165.9701392,159.2556743,5,,,,,
4168,Program officers unique to government,124.6060022,269.2289485,296.3031528,171.6971506,27.0742043,1,,,,,
8442,Trappers and hunters,154.2069891,351.8079796,327.2187191,173.0117299,-24.58926053,4,,,,,
6741,"Dry cleaning, laundry and related occupations",257.7720266,400.909623,431.6992776,173.9272509,30.78965457,7,,,,,
7442,Waterworks and gas maintenance workers,89.37607911,142.4576062,265.2358424,175.8597633,122.7782362,4,,,,,
823,Managers in aquaculture,25.67249956,119.128226,202.8447152,177.1722156,83.7164892,2,,,,,
6221,Technical sales specialists - wholesale trade,38.40733662,109.8070403,223.9639042,185.5565675,114.1568639,2,,,,,
9524,"Assemblers and inspectors, electrical appliance, apparatus and equipment manufacturing",136.6900499,335.3192604,322.2499358,185.5598859,-13.06932457,5,,,,,
8252,"Agricultural service contractors, farm supervisors and specialized livestock workers",135.2692783,209.5321996,321.4021518,186.1328735,111.8699521,2,,,,,
9417,Machining tool operators,60.48980708,242.555006,268.8945173,208.4047102,26.33951122,4,,,,,
8261,Fishing masters and officers,115.2127723,159.6371764,327.2187191,212.0059468,167.5815426,2,,,,,
8262,Fishermen/women,115.2127723,159.6371764,327.2187191,212.0059468,167.5815426,2,,,,,
8441,Fishing vessel deckhands,115.2127723,159.6371764,327.2187191,212.0059468,167.5815426,4,,,,,
8432,Nursery and greenhouse workers,238.8622142,450.5916778,481.9890225,243.1268083,31.39734475,4,,,,,
9442,"Weavers, knitters and other fabric making occupations",199.0459275,442.9186628,469.6737141,270.6277866,26.75505133,4,,,,,