"noc_2021","2.C.3.a - Comp and Elec","2.C.3.b - Eng and Tech","2.C.9.a - Telco","2.B.3.b - Tech Design","2.B.3.e - Programming","4.A.3.b.1 - Inter w Comp","Rank - Tech Design","Rank - Programming","Rank - Comp and Elec","Rank - Inter w Comp","Rank - Eng and Tech","Rank - Telco","harm.rank","harm.rank.digital","harm.rank.no.tel","tech","digital","tech.no.tel","noc_code","noc_name"
11,9.55596666666667,5.75945555555556,3.567,1.83054444444444,1.31111111111111,14.8472222222222,178.5,153.5,265.5,158.5,209.5,130.5,174.314133710485,165.982043717272,186.455471323074,0,NA,NA,"11",""
12,9.55596666666667,5.75945555555556,3.567,1.83054444444444,1.31111111111111,14.8472222222222,178.5,153.5,265.5,158.5,209.5,130.5,174.314133710485,165.982043717272,186.455471323074,0,NA,NA,"12",""
13,9.55596666666667,5.75945555555556,3.567,1.83054444444444,1.31111111111111,14.8472222222222,178.5,153.5,265.5,158.5,209.5,130.5,174.314133710485,165.982043717272,186.455471323074,0,NA,NA,"13",""
14,11.41992,4.324464,3.48472,1.402448,1.211504,14.951616,260,172,200,153,257,138,186.621659830479,163.644545364757,200.349695895324,0,NA,NA,"14",""
15,9.55596666666667,5.75945555555556,3.567,1.83054444444444,1.31111111111111,14.8472222222222,178.5,153.5,265.5,158.5,209.5,130.5,174.314133710485,165.982043717272,186.455471323074,0,NA,NA,"15",""
10010,11.4726888888889,1.75666666666667,2.40588888888889,1.01187777777778,1.19277777777778,19.1833777777778,353,173,197,50,387,267,151.748920524832,117.175537883046,139.634954692401,0,NA,NA,"1001","0"
10011,8.451,1.1537,1.8616,1.54,2.415,11.7504,229,68.5,309,252,427,344,192.618287815539,163.496098851589,176.984011469457,0,NA,NA,"1001","1"
10012,13.635525,6.85,5.495425,2.5,1.75,15.34,97,99,113,140,177,62,104.240497460443,95.8378937774958,119.943806134346,0,NA,NA,"1001","2"
10019,11.14775,1.5888,3.38625,1.324375,0.8064,12.352725,270,266,210,225,394,154,234.533227665889,206.600402415814,261.354328735266,0,NA,NA,"1001","9"
10020,11.16225,1.27669375,3.2846875,0.8547,1.122975,16.4038375,387,193,209,105,422,164,197.677304563876,157.411448927181,205.829994779376,0,NA,NA,"1002","0"
10021,10.0377,1.25125,2.6167,1.5886,1.17375,19.5585,216,179.5,249,42,423,240,136.636464451572,108.268000187419,125.745780445292,0,NA,NA,"1002","1"
10022,14.863536,3.619728,4.48364,2.315052,2.042748,16.856268,120,85,85,94,286,87,105.458256642689,88.6018855135868,109.8155002488,0,NA,NA,"1002","2"
10029,13.1222222222222,2.63933333333333,3.51125555555556,1.49048888888889,1.2175,15.6906222222222,244.5,162,129,128,340,135,166.954072288043,138.254472820192,174.916387744833,0,NA,NA,"1002","9"
10030,18.9135,17.5365,27.048,7.205,4.76,20.9216,12.5,32,37,25,30,1,8.55416752214983,6.72178125966395,24.8246761185753,1,"Digital",1,"1003","0"
11100,12.0992,0.4879,1.674,1.645,1.63,19.4465,209.5,107,174,46,472,361,130.783547112409,102.531051660008,115.969190792377,0,NA,NA,"1110","0"
11102,8.639,0.8775,2.1216,1.3125,1.75,15.0537,281.5,99,297,146,449,307,205.710353019597,170.902345772715,192.897729235919,0,NA,NA,"1110","2"
11103,12.22,3.0652,3.1808,0.9027,2.0996,18.0429,380,83,168,66,316,173,135.520736536513,103.911160922409,129.780662617738,0,NA,NA,"1110","3"
11109,13.29244,2.387968,1.62096,1.246356,2.265648,16.684704,306,73,121,99,358,365,148.201868314866,116.135671712191,132.439528496409,0,NA,NA,"1110","9"
11200,9.5363,1.05681111111111,1.73101666666667,1.54973888888889,1.59413333333333,14.3877333333333,221,109,268,169,436,357,212.187601280704,186.184805887702,196.204862900837,0,NA,NA,"1120","0"
11201,13.106144,5.0784,3.89088,1.5318,2.548352,15.714284,238,66,130,125,231,108,124.573786284876,100.832420068311,128.23829226142,0,NA,NA,"1120","1"
11202,14.0740875,1.78069375,3.4398,1.8739875,1.8140625,16.52355,173,95,103,103,384,144,133.664474725528,109.45712989566,131.606775511592,0,NA,NA,"1120","2"
12010,13.94,2.5181,3.3522,0.93,1.88,17.1201,374.5,93,109.5,83.5,345.5,157.5,138.310488031195,105.731885653239,134.874463310324,0,NA,NA,"1201","0"
12011,13.94,2.5181,3.3522,0.93,1.88,17.1201,374.5,93,109.5,83.5,345.5,157.5,138.310488031195,105.731885653239,134.874463310324,0,NA,NA,"1201","1"
12012,16.016,1.3485,0.648,2.35,1.54,16.9893,114,117.5,61.5,87.5,411.5,479.5,122.600820346393,105.765770624417,106.705027683413,0,NA,NA,"1201","2"
12013,13.00815,7.26835,5.879025,2.02895,1.1242,15.5925,144,192,132,134,166,54,117.247164590101,104.467637571496,151.551306943369,0,NA,NA,"1201","3"
12100,12.54,0.3808,2.3326,1.3125,2.35,16.0083,281.5,71.5,146,113,485,280,155.747433047156,121.48279510448,142.999363737057,0,NA,NA,"1210","0"
12101,7.476,0.5535,1.9206,1.3125,1.0044,15.8795,281.5,215,337,118,468,337,243.682828212413,211.080115161749,230.802004369211,0,NA,NA,"1210","1"
12102,14.4573,7.42235,4.13315,1.421875,0.776875,12.113075,257,272,93,243,159,99,155.740472400001,140.846745749536,175.280959354265,0,NA,NA,"1210","2"
12103,13.203,2.7648,6.1258,1.3125,0.5244,16.5239,281.5,328.5,124,102,332,45,122.385050445925,94.155819678968,183.241030148918,0,NA,NA,"1210","3"
12104,13.6160666666667,0.882,3.03872222222222,0.6716,1.45264444444444,16.8528666666667,422,130,114,95,448,198,165.006200375528,125.900851061363,159.555061880419,0,NA,NA,"1210","4"
12110,17.73555,1.778425,3.5022,0.0636,0.3875,17.0166,491.5,365,48,85,385,136,128.510722363962,95.0850970860898,126.937571579174,0,NA,NA,"1211","0"
12111,16.4391111111111,4.31183333333333,3.77154444444444,3.42,6.24166666666667,19.5734,58,21,56,41,258,116,51.650627571879,41.9485357186619,46.4605924300923,0,NA,NA,"1211","1"
12112,13.1420555555556,3.44102222222222,3.73963333333333,1.8616,2.15944444444444,14.0346,175,77,126,179,296,121,137.944901958819,116.121072750304,141.647450669713,0,NA,NA,"1211","2"
12113,20.4321,3.83416666666667,2.14993333333333,2.71527777777778,8.98277777777778,21.1172888888889,80,12,27,24,275,301,34.9004633452731,25.6494733747416,29.6548947115062,0,NA,NA,"1211","3"
12200,12.2679,0.11,1.608,0.1344,0.5244,17.617,487,328.5,166,74,499,369,206.127895954651,159.623535210387,189.354928125822,0,NA,NA,"1220","0"
12201,11.5814,2.6566,2.963125,0.7791,0.7532,16.894575,393,277,194,92,339,207,201.579337511486,164.705925592421,200.342480349528,0,NA,NA,"1220","1"
12202,8.544,0.871,1.314,1.0044,1.125,12.6567,360,190,301,220,450,421,293.703100977725,259.043609108581,276.868338303869,0,NA,NA,"1220","2"
12203,12.8352,1.2835,1.91295,0.2261,0.556875,15.925,478.5,319,139,115,421,338,228.192643674212,183.163607554797,214.19036181953,0,NA,NA,"1220","3"
13100,14.09325,0.637,2.84325,1.12125,1.63625,14.806775,342.5,106,102,164,463,225,173.378847451961,135.409994191981,165.664293420253,0,NA,NA,"1310","0"
13101,14.35,5.29,7.242,0.3125,0.75,14.07,465.5,285.5,98,178,225,36,113.693571773084,86.570659929093,194.201868922802,0,NA,NA,"1310","1"
13102,10.9472,0.492,1.2654,0.1344,1.0044,13.356,487,215,215,198,471,426,288.54297336543,240.582615135567,270.970262871924,0,NA,NA,"1310","2"
13110,13.5832888888889,0.77,3.1006,0.3125,0.793266666666667,13.7655555555556,465.5,269,115,183,455,193,220.180090040468,174.567175962041,226.287541813365,0,NA,NA,"1311","0"
13111,15.66,0.2622,1.183,1.3125,0.93,18.3112,281.5,241.5,68,64,492,440,143.414154490534,110.288073969611,126.360584680464,0,NA,NA,"1311","1"
13112,16.4486,0.98,2.0493,0.93,0.93,19.2348,374.5,241.5,55,49,440,314,119.793603016534,88.582869774774,106.583574137205,0,NA,NA,"1311","2"
13200,15.3525,1.92,6.11,1.54,2.5944,19.7574,229,64,76,38,377,47,73.314395665877,53.4430788054057,81.9591747401286,0,NA,NA,"1320","0"
13201,18.4122,6.7962,5.9278,3.29,3.5,19.019,61,46,41,55,180,53,58.1870796669598,49.1027811366385,59.1036413519525,0,NA,NA,"1320","1"
14100,9.2440125,0.4828125,1.22728125,0.5077375,0.72234375,11.2306375,450,295,277,267,474,430,345.829545088156,307.053881758124,332.681233265486,0,NA,NA,"1410","0"
14101,11.4235,0.4068,3.626,0.69,0.5244,15.3036,418.5,328.5,199,142,483,126,219.363749780996,174.65781396167,256.702314035808,0,NA,NA,"1410","1"
14102,9.8441,0.2507,1.6065,1.215,1.3125,19.5344,318.5,147,257,44,493,370,147.403676914314,112.516423231569,131.547341655131,0,NA,NA,"1410","2"
14103,9.63648888888889,0.2088,1.53416666666667,0.994133333333333,0.6721,10.7930666666667,367,309,263,280,495,396,336.609362920527,305.546529897891,326.670892730446,0,NA,NA,"1410","3"
14110,13.735,4.5584,2.457,1.3689,5.3436,14.8239,264,27,112,162,246,258,96.1816150127571,73.3140296701133,85.4394434342454,0,NA,NA,"1411","0"
14111,9.52,1.6588,2.7777,0.5244,1.75,17.9451,440.5,99,269,68,390,229,160.57020048184,122.909450766947,151.427930190881,0,NA,NA,"1411","1"
14112,18.81,0.231,0.846,3.29,6.8644,20.5173,61,20,38,28,494,470,46.8694311757408,36.4079964850615,39.7165615955806,0,NA,NA,"1411","2"
14200,13.2343714285714,1.02040408163265,2.44654285714286,0.348804081632653,1.26341224489796,16.3828448979592,458,158,123,106,437,261,187.628015950374,145.367786836407,177.548161713,0,NA,NA,"1420","0"
14201,10.9624875,0.89775,2.31,0.136875,1.212,15.5678625,482,171,214,135,447,284,234.106457787699,187.557181038121,226.033716393539,0,NA,NA,"1420","1"
14202,13.132,0.7638,2.4805,0.75,1.4256,16.039,403,133.5,127,112,456,255,183.673377032464,142.840554171198,173.849955039448,0,NA,NA,"1420","2"
14300,9.9198,0.5125,2.1528,0.5244,0.75,15.6705,440.5,285.5,253,130,470,300,263.488363394326,217.58930834025,257.08071012098,0,NA,NA,"1430","0"
14301,8.7278,0.6432,2.3495,0.3125,0.75,16.6495,465.5,285.5,293,100,461,275,242.678536859101,195.925336417374,236.956976597031,0,NA,NA,"1430","1"
14400,10.8644,4.387,3.9674,1.6544,1.0044,10.27,205.5,215,221,296,255,104,194.970970537405,181.612241585386,235.294089818754,0,NA,NA,"1440","0"
14401,3.999,1.1169,0.9943,0.2261,0.3584,8.0276,478.5,369.5,421.5,351.5,432.5,450,413.439416608066,395.253262512286,406.66575671113,0,NA,NA,"1440","1"
14402,8.7768,5.04,1.0428,1.3125,1.0044,17.8464,281.5,215,291,69,233,447,185.268260908135,162.785955920986,165.819171888078,0,NA,NA,"1440","2"
14403,11.7495,1.4356,2.3302,0.5244,0.69,16.9054,440.5,304,185,91,405,281,215.83698892728,173.380109816594,206.162972588177,0,NA,NA,"1440","3"
14404,8.89305,1.0152,7.9401375,0.75,0.9296875,14.9903,403,248,287,148,438,28,112.284680758522,82.165125842942,263.812598072784,0,NA,NA,"1440","4"
14405,10.131,1.7548,3.193,1.215,0.5244,11.2064,318.5,328.5,245,268,388,170,268.264906800718,240.018711597921,302.700109013284,0,NA,NA,"1440","5"
20010,15.1424,22.9515,5.4492,3.29,2.1056,18.928,61,81,79,58,14,63,42.8372622617088,69.8454805892039,40.1800150116695,0,NA,NA,"2001","0"
20011,15.9984,15.2334,3.61865,5.20875,2.5756,16.47135,30,65,63,104,43,127,58.1969638288011,83.1379164909321,52.473791956913,0,NA,NA,"2001","1"
20012,26.0064,14.6556,9.0792,4.4814,5.3,26.58795,36,28,8,4,46,20,13.5895248643109,10.1726057906459,12.6936578555535,1,"Digital",1,"2001","2"
21100,22.7905125,17.1273375,4.2355,5.2041,6.1793,23.608575,31,23,12,13,31,96,22.8286532745445,19.9672942340771,19.8005439709882,1,"High-Tech",1,"2110","0"
21101,14.5308375,13.3374375,2.89723125,3.338125,3.7407375,19.0112375,59,42,90,56,59,217,66.8827918031393,70.9523789025007,58.7392089836034,0,NA,NA,"2110","1"
21102,16.2855,15.743325,3.31945,1.4175,4.3672,19.4085,258,34,57,47,36,162,57.8764318613583,54.9593152716093,51.2640840864753,0,NA,NA,"2110","2"
21103,19.19,11.4375,6.48,2.5,2.76,21.9252,97,58.5,34,17,93,41,41.2128643388488,32.0658682634731,41.0589644572571,0,NA,NA,"2110","3"
21109,19.355,28.322,2.166,2.625,1.88,18.6455,82,93,32,61,4,299,22.0222369396822,66.2211158053487,18.5791724147692,1,"High-Tech",1,"2110","9"
21110,14.6109,6.81450247933884,2.25677685950413,2.44130082644628,3.67469256198347,17.2867487603306,107,44,88,82,179,291,94.1237855558827,81.7477211806972,82.8896184855789,0,NA,NA,"2111","0"
21111,15.873,9.0792,2.3247,4.24,0.5244,13.4397,37.5,328.5,66,196,125,282,99.2054971558881,150.545810214647,87.8010139676273,0,NA,NA,"2111","1"
21112,10.4504375,5.97526875,2.21119375,0.8731625,1.14261875,9.818375,384,188,233,305,201,294,252.416768811286,246.573948541441,245.333979939285,0,NA,NA,"2111","2"
21120,14.81693125,16.59205625,2.4907875,3.84574375,2.413675,16.9907625,47,70,86,86,33,253,65.7497364016721,97.5371369068896,57.2618893440668,0,NA,NA,"2112","0"
21200,19.24,21.9915,5.496,4,2.35,21.3419,41,71.5,33,20,19,61,33.1927304318148,37.3996236067331,30.3705007480419,0,NA,NA,"2120","0"
21201,16.0366,18.6354,3.8402,2.1056,1.125,19.9272,135,190,60,34,25,114,57.300786240695,67.9161824073571,52.0752221148387,0,NA,NA,"2120","1"
21202,12.8896,3.1104,2.5004,1.8144,2.415,14.688,184.5,68.5,137,165,315,252,149.376635922696,126.536102511118,138.0667971934,0,NA,NA,"2120","2"
21203,18.4052,20.169,7.77,2.176875,4.7925,20.7855,128,30,42,26,23,29,34.2264822306665,31.7752223718189,35.2188272133474,0,NA,NA,"2120","3"
21210,17.29695,3.9627,1.2782125,1.474375,9.2391375,21.84105,247.5,10,50,19,272,423,35.1777056911144,24.5586466437115,29.725794542856,0,NA,NA,"2121","0"
21211,19.6215,11.3354,6.11275,7.175,10.92,23.6421,16,7,31,12,95,46,18.5362613394141,15.7202010050251,16.5336658354115,1,"Digital",1,"2121","1"
21220,25.9695,14.1232,14.378,4.4944,5.895,24.722,34,24,9,10,52,8,15.4059642936539,11.6952155936208,17.9630966424283,1,"Digital",1,"2122","0"
21221,19.7505,7.05375,7.320075,5.8072,6.2336,19.359375,24,22,29,48,172,35,35.1333552529559,32.0006309894704,34.9650094652702,0,NA,NA,"2122","1"
21222,22.3844,8.94125,3.8632,8.42875,12.2286,23.037975,6,5,14,15,127,111,13.1743179219082,13.125,11.1981336443926,1,"Digital",1,"2122","2"
21223,22.07733125,6.6176,6.34764375,5.48625,11.05125,26.3473375,26,6,17,7,191,42,15.4275798996465,11.5384001064821,13.6739769387294,1,"Digital",1,"2122","3"
21230,26.3084444444445,14.5707222222222,4.73537777777778,6.45833333333333,17.6682666666667,26.3017777777778,21,3,6,8,47,81,10.301291226533,7.74948434277142,8.76798987822236,1,"Digital",1,"2123","0"
21232,29.9992,14.4005,4.968,6.545,23.18,29.6505,20,1,2,2,50,73,4.80997754445591,3.38931297709924,4.0522133938706,1,"Digital",1,"2123","2"
21233,22.2025,11.36,7.56,5.355,8.9856,26.46,28,11,15,6,94,33,16.5238585168713,12.5745734727573,14.9835383086381,1,"Digital",1,"2123","3"
21234,27.541875,10.67825,5.09085,6.2475,20.245775,26.49185,23,2,4,5,100,69,7.83439784532513,5.6,6.65276100559886,1,"Digital",1,"2123","4"
21300,12.3581333333333,24.6108444444444,2.10821111111111,5.3475,4.3384,15.7929111111111,29,35,162,123,10,308,35.4074353053627,88.4691339370874,30.0806726084745,0,NA,NA,"2130","0"
21301,20.43365625,30.01814375,6.1763625,12.37285,7.3823375,21.1453375,1,15,26,23,2,44,6.01950766372503,24.4759206798867,5.13064133016627,1,"High-Tech",1,"2130","1"
21310,27.3013888888889,26.6083555555556,9.16037777777778,6.98568888888889,5.53777777777778,23.1591555555556,17,26,5,14,6,19,11.5655277919429,12.485549132948,10.665914221219,1,"Digital",1,"2131","0"
21311,30.8924,24.48615,12.368,6.4125,10.0989,29.99905,22,8,1,1,11,11,4.54113345521024,3.34883720930233,4.0390243902439,1,"Digital",1,"2131","1"
21320,21.0160222222222,31.5414,3.44822222222222,10.2317333333333,7.10437777777778,21.2281333333333,4,17,23,22,1,142,7.07803005470742,27.0831165117941,5.94742134750754,1,"High-Tech",1,"2132","0"
21321,14.4585,22.7501875,4.533875,7.22235,3.21835,17.38839375,11,50,92,81,16,85,30.5591681471475,73.8231297922212,27.0690915165055,0,NA,NA,"2132","1"
21322,15.717,23.3805,2.31,7.5456,3.29,17.835,8,48.5,67,70,12,285,24.9456288059802,76.2065694303489,21.0946790358753,1,"High-Tech",1,"2132","2"
21330,12.6765,25.2108,2.5988,7.2,7.86,20.14,14.5,13.5,143.5,32.5,8.5,243.5,21.4587711840309,36.4210298524983,18.1477686347039,1,"High-Tech",1,"2133","0"
21331,12.6765,25.2108,2.5988,7.2,7.86,20.14,14.5,13.5,143.5,32.5,8.5,243.5,21.4587711840309,36.4210298524983,18.1477686347039,1,"High-Tech",1,"2133","1"
21332,14.1102,23.1,3.08,5.0625,2.1056,19.1376,32.5,81,101,51,13,196,40.6544629766822,86.381978519644,35.0854712556814,0,NA,NA,"2133","2"
21390,17.787,29.036,2.9172,12.1875,3.71,25.9616,2,43,47,9,3,212,8.2013286759183,26.9804598942027,6.87858259510161,1,"High-Tech",1,"2139","0"
21399,17.0988532544379,26.407299408284,5.25289940828402,6.93682189349112,4.37222485207101,18.6326715976331,18,33,52,62,7,64,23.3309704753739,50.2908568614856,20.6795905678946,1,"High-Tech",1,"2139","9"
22100,15.1697777777778,14.5436,3.136,4.11444444444444,2.74666666666667,15.5999444444444,39,60,78,133,48,188,68.7966683963121,95.6815053652588,61.0332785353165,0,NA,NA,"2210","0"
22101,14.9926666666667,14.5295222222222,3.224,1.63271111111111,1.89,13.6090888888889,211,91,82,189,49,167,101.95363908555,117.18762530518,94.5217160250238,0,NA,NA,"2210","1"
22110,12.312,2.4156,0.7975,2.5944,3.29,14.924,84.5,48.5,164,155,356,472,121.743181056008,114.985325818767,105.999779251137,0,NA,NA,"2211","0"
22111,9.8549,4.6535,3.1141,1.3125,0.75,13.3227,281.5,285.5,256,200,243,192,238.32119711059,228.077172199594,250.065516883914,0,NA,NA,"2211","1"
22112,11.3271666666667,8.72271111111111,5.96004444444444,1.8054,1.57422222222222,11.0965111111111,187,111,201,275,130,52,121.647308598414,109.980210838909,164.176699328499,0,NA,NA,"2211","2"
22113,10.7968,10.4025305555556,2.660025,2.198175,2.61020833333333,13.5111222222222,124,62,225,192,104,238,127.153525818254,134.847026250879,116.271089492707,0,NA,NA,"2211","3"
22114,3.9788,4.6284,0.957,1.0044,0,0.375,360,467,423,499,244,455,386.101854120147,460.393224948663,374.617184552195,0,NA,NA,"2211","4"
22210,18.2299,22.7936,3.4402,1.75,2.9664,20.511,193,55,44,29,15,143,40.5373134328358,49.7777777777778,35.4440658304937,0,NA,NA,"2221","0"
22211,18.915,26.649,2.436,11.2944,2.82,16.206,3,57,36,109,5,263,12.6632006687618,69.9946874884175,10.6377098085398,1,"High-Tech",1,"2221","1"
22212,18.2514081632653,22.7206857142857,3.15432653061224,2.38011836734694,2.67178775510204,20.3169428571429,110,61,43,31,17,180,42.7973087259523,52.8882491949899,37.1275541378105,0,NA,NA,"2221","2"
22213,21.082,13.4016,2.88,1.94,3.1428,16.8516,157,51,22,96,57,220,59.3391467096691,51.5841523301358,51.7658353014207,0,NA,NA,"2221","3"
22214,23.45503125,11.9279,3.24303125,3.89295,7.00435625,21.2772,46,19,11,21,68,166,27.2053011463882,21.6478444466267,23.303805902873,0,NA,1,"2221","4"
22220,28.93825,15.576825,15.03596875,6.7275375,9.28163125,28.5968,19,9,3,3,37,6,7.32446076181735,5.38461538461538,7.39299610894942,1,"Digital",1,"2222","0"
22221,26.1118,10.4412,7.0805,3.13,3.5722,19.8679,67,45,7,36,103,39,26.895285627716,20.1241501625776,25.2413802359446,0,NA,NA,"2222","1"
22222,22.7058,11.8338,3.0051,7.205,13.125,23.7165,12.5,4,13,11,72,204,13.4104386543894,11.1222347812046,11.29855134179,1,"Digital",1,"2222","2"
22230,8.556,9.3155,1.6168,1.96875,1.41375,10.1437,150.5,138,300,297,119,367,190.33363274719,241.114919105911,173.57373346698,0,NA,NA,"2223","0"
22231,10.3269,10.369375,4.94203125,1.1925,0.493125,9.27045,327,338.5,238,321,105,74,166.429621576336,169.717826065506,220.090365002377,0,NA,NA,"2223","1"
22232,11.193,4.1128,1.58415,1.54,2.10625,12.92,229,79,206,212,266,371,182.887407903274,161.852069357129,166.008729833637,0,NA,NA,"2223","2"
22233,10.8924,15.351,4.64,1.88,1.4256,10.35,166.5,133.5,218,291,39,82,102.662107422321,145.592171940396,107.768001449271,0,NA,NA,"2223","3"
22300,16.60605,18.37085,5.2015,2.060775,2.1825,15.46905,141,76,53,137,28,67,63.1693298405102,74.8253893373068,62.2844021845266,0,NA,NA,"2230","0"
22301,17.1492,22.6122,3.9274,5.52986666666667,4.01333333333333,16.8373,25,39,51,97,18,106,38.7412296102344,62.7149503418848,34.3576568776347,0,NA,NA,"2230","1"
22302,15.042,19.0008,2.0862,9.36,3.0456,14.3232,5,52.5,81,171,24,311,24.3336178824961,100.236074926715,20.5450747299897,1,"High-Tech",1,"2230","2"
22303,16.5985,18.56,3.6285,1.54,3.0456,19.0755,229,52.5,54,53,27,125,58.0323857181624,63.1627814531929,52.3812312410233,0,NA,NA,"2230","3"
22310,21.7749416666667,20.7553666666667,9.39138055555556,5.41016666666667,4.18,18.4172916666667,27,37,19,63,20,18,26.3266778927111,27.6678043230944,28.5267438223334,0,NA,NA,"2231","0"
22311,18.4536,12.152875,11.6973,3.26,2.9025,15.4413,64,56,40,138,65,12,38.3172211637867,31.7330803479176,62.7632300128457,0,NA,NA,"2231","1"
22312,11.6771111111111,10.4595777777778,4.09834444444444,2.37111111111111,1.55298888888889,11.592,111,112,189,260,102,102,129.617123422759,144.650442034584,136.681324764185,0,NA,NA,"2231","2"
22313,14.0495888888889,16.9418,7.23498888888889,2.5,1.74666666666667,16.3549666666667,97,102,106,107,32,37,63.0671491252662,73.2204041756344,72.6523446981551,0,NA,NA,"2231","3"
30010,17.5529,3.31695,2.0882,2.34375,5.775,19.504,117,25,49,45,299,310,63.0093170530843,47.952371989408,54.3427589195317,0,NA,NA,"3001","0"
31100,11.7068940828402,4.12134911242604,3.18052544378698,1.55393195266272,1.31226331360947,13.0367307692308,220,151,188,207,265,174,195.591268139133,178.635779866979,200.305021753465,0,NA,NA,"3110","0"
31101,12.1158,4.473553125,3.09593125,1.247090625,0.953203125,12.0070671875,305,230,172,249,250,194,226.504038806743,207.926617195683,234.067178790328,0,NA,NA,"3110","1"
31102,12.087075,4.1258,3.8863125,1.4412125,1.181575,13.2904375,249,177,175,201,264,109,181.187951068172,157.845722524033,208.126285271662,0,NA,NA,"3110","2"
31103,10.332,2.8688,1.9392,1.88,0.3125,9.4608,166.5,382.5,237,316,328,335,273.352627222153,309.118838569087,263.525725804861,0,NA,NA,"3110","3"
31110,8.6393125,8.2693125,2.346575,3.994025,0.793675,12.662575,43,268,296,219,139,276,133.007706217378,262.466531393251,120.481753806183,0,NA,NA,"3111","0"
31111,13.3661,5.06,3.6581,1.6544,2.1056,14.9248,205.5,81,118,154,232,123,135.596061471204,113.912691464023,138.180496193759,0,NA,NA,"3111","1"
31112,14.77305,4.830975,3.090125,3.2786,1.645,14.829375,63,105,87,161,240,195,115.725434481237,124.717518910843,106.963733244062,0,NA,NA,"3111","2"
31120,12.3175,1.1218,3.2112,1.3125,1.215,17.518,281.5,166.5,163,78,431,168,164.393760072329,130.535105190309,163.502480011145,0,NA,NA,"3112","0"
31121,14.06625,2.20115,2.4219,1.96875,1.17375,14.8181,150.5,179.5,105,163,365,265,175.623522698707,161.088390871404,164.448854879011,0,NA,NA,"3112","1"
31200,9.9624,0.7254,1.340064,0.80592,1.6104,11.39466,392,108,252,263,459,420,249.911499026997,207.360716569459,231.126208505048,0,NA,NA,"3120","0"
31201,13.92,4.5305,2.4125,1.3125,0.75,14.282,281.5,285.5,111,173,248,266,203.615499433885,182.553227296536,194.386230421026,0,NA,NA,"3120","1"
31202,7.8945,1.9754,2.3932,3.0456,1.4256,11.773,68.5,133.5,327,251,372,269,170.332908625496,220.316698231677,158.622229898585,0,NA,NA,"3120","2"
31203,7.702875,2.4843,1.3858,2.91,1.17375,11.7469,73.5,179.5,333,253,349,416,192.621138519373,269.011232452229,173.906101121668,0,NA,NA,"3120","3"
31204,8.981325,1.4348875,1.9573875,2.382725,0.9632125,10.84125,108,228,286,279,407,330,230.158410610173,276.937169765189,216.939940289378,0,NA,NA,"3120","4"
31209,10.3422100591716,2.08198224852071,2.52574437869823,1.53288579881657,0.866094082840237,12.0021538461538,237,255,236,250,371,250,261.055260770491,248.543121422189,263.163771003789,0,NA,NA,"3120","9"
31300,12.2718,2.106,5.0908,1.3125,1.54,14.4664,281.5,117.5,165,168,369,70,147.394407836701,116.061179220445,187.810353610417,0,NA,NA,"3130","0"
31301,10.2567183673469,3.26270204081633,3.28867959183673,1.57782857142857,0.866122448979592,14.511593877551,217,254,239,166,303,163,213.900312756086,198.276774354962,227.760456685443,0,NA,NA,"3130","1"
31302,10.006775,2.17165,3.42,1.474375,0.9375,13.72525,247.5,234.5,250,185,366,152,223.118161014651,198.583700605223,245.632255154975,0,NA,NA,"3130","2"
31303,9.97632231404959,1.74174545454545,2.34609917355372,1.7966479338843,1.09307272727273,13.7042975206612,188,198,251,187,389,277,232.876235024398,223.343271005866,225.554042504074,0,NA,NA,"3130","3"
32100,8.01,3.6477,2.438,2.1875,0.5244,11.4345,125.5,328.5,322,262,283,262,238.457613841462,291.217477816547,234.088719731195,0,NA,NA,"3210","0"
32101,9.4743,0.6302,4.342,1.75,0.3125,14.0998,193,382.5,272,177,464,93,201.12618729591,177.565953488004,260.501873432689,0,NA,NA,"3210","1"
32102,7.0966,3.0195,4.3512,0.69,0.1344,8.9301,418.5,416.5,341,323,319,92,243.239124541398,208.786856291377,359.340063300293,0,NA,NA,"3210","2"
32103,10.6323,1.9432,1.8518,1.99155,0.975,12.72105,148,226,230,218,373,345,234.59603055082,247.055803125183,220.403094370607,0,NA,NA,"3210","3"
32104,12.2414,6.576725,3.26915,1.88,1.588125,13.712625,166.5,110,167,186,192,165,160.065834720083,151.90019590038,158.929552512286,0,NA,NA,"3210","4"
32109,11.2495041322314,2.39849090909091,2.42197107438016,1.67297851239669,0.821395041322314,13.3291867768595,201,262.5,205,199,357,264,238.409225028962,229.58132070629,233.718836361652,0,NA,NA,"3210","9"
32110,10.3944,6.968,2.3541,4.24,1.215,10.626,37.5,166.5,234,282,174,273,122.207099240168,229.770537408865,110.017418188398,0,NA,NA,"3211","0"
32111,6.9647,0.615,0.6732,1.6544,0.69,12.1094,205.5,304,344,244,465,478,310.316594125188,323.977023375736,289.898604962971,0,NA,NA,"3211","1"
32112,7.038,14.7204,1.5364,3.5,0.1344,4.3976,54,416.5,342,427,45,395,119.776470238597,393.222317919423,105.11255110326,0,NA,NA,"3211","2"
32120,11.2732857142857,4.28582448979592,2.39782040816327,1.23214285714286,1.69,16.5393469387755,308,103,204,101,259,268,170.953677331215,142.781534509694,159.338402654493,0,NA,NA,"3212","0"
32121,13.9784,4.515875,3.0015,1.76055,1.46595,16.07985,189,127.5,108,111,249,205,149.990583031478,130.126354346285,142.255028463442,0,NA,NA,"3212","1"
32122,11.31,3.6188,3.1317,2.5,0.3125,14.0096,97,382.5,203,180,287,190,187.815232951997,218.938309513549,187.190981987476,0,NA,NA,"3212","2"
32123,12.8759,2.3114,3.54,1.54,1.0044,15.867,229,215,138,120,362,133,173.141831445851,145.185168307102,183.884481252878,0,NA,NA,"3212","3"
32124,9.656725,12.935,2.589125,7.3975,0.8475,9.411675,9.5,258.5,261.5,317.5,61.5,245.5,47.5821540209793,269.186233408824,40.9698712333341,0,NA,NA,"3212","4"
32129,9.656725,12.935,2.589125,7.3975,0.8475,9.411675,9.5,258.5,261.5,317.5,61.5,245.5,47.5821540209793,269.186233408824,40.9698712333341,0,NA,NA,"3212","9"
32200,9.51495,1.284325,2.03685,1.21875,0.7175,10.4208,311,297.5,270.5,287.5,419.5,321.5,312.767902102828,294.111057581456,310.891544307724,0,NA,NA,"3220","0"
32201,4.2048,1.2474,0.7268,1.96,0,4.8805,155,467,416,415,424,477,337.193683580961,442.932075777418,318.433259206811,0,NA,NA,"3220","1"
32209,9.51495,1.284325,2.03685,1.21875,0.7175,10.4208,311,297.5,270.5,287.5,419.5,321.5,312.767902102828,294.111057581456,310.891544307724,0,NA,NA,"3220","9"
33100,9.289275,7.473825,2.3001,2.578125,0.3125,10.0035,87,382.5,276,302,158,289,195.955346647289,308.492581874587,184.020100728047,0,NA,NA,"3310","0"
33101,11.570625,3.445825,2.446875,1.81,1.4175,19.049,186,137,195,54,295,260,139.25111780755,116.408833691682,127.368390476399,0,NA,NA,"3310","1"
33102,5.69084489795918,1.13704081632653,2.72841020408163,0.720791836734694,0.252551020408163,6.58440816326531,412,398,378,378,429,234,357.45097628054,332.263730201769,399.035947651575,0,NA,NA,"3310","2"
33103,10.08024375,4.10528125,2.5831640625,2.18484375,0.7557625,12.9675,127,275,247,210,267,247,214.508770377901,243.500944159698,208.867457491268,0,NA,NA,"3310","3"
33109,11.4733338842975,2.44821487603306,2.34093801652893,1.51748925619835,0.821395041322314,13.7698181818182,243,262.5,196,182,353,278,241.515381270911,223.215297026068,235.195514470399,0,NA,NA,"3310","9"
40019,11.67,8.2415,2.363,1.3125,1.3125,13.6535,281.5,147,190,188,140,272,190.003357196897,190.963895852336,179.112696056873,0,NA,NA,"4001","9"
40020,13.2986,2.5058,3.1164,1.215,0.69,11.716,318.5,304,120,255,348,191,225.115754792078,193.632073618752,233.1586988534,0,NA,NA,"4002","0"
40021,10.6088,4.0474,2.48235,1.26375,1.113125,12.042825,301,195,231,247,270,254,246.229533178789,230.332321328106,244.547341535532,0,NA,NA,"4002","1"
40030,12.3589777777778,1.24586666666667,4.1094,1.34257777777778,1.18333333333333,15.8576,268,175,161,121,425,100,166.586801909869,133.54536286759,191.451543399541,0,NA,NA,"4003","0"
40040,11.742,2.5258,9.7933,1.54,1.75,17.5924,229,99,187,75.5,344,16,63.5183106128202,45.8638943810192,140.301958881473,0,NA,NA,"4004","0"
40041,11.124,8.3304,9,1.9186,0.8736,9.7352,160,253,211,312,136,22,87.1616823363112,72.2972512341905,197.166112674793,0,NA,NA,"4004","1"
41100,8.8126,0.1755,2.0274,1.3125,0.475,13.0285,281.5,347,290,208,496,324,304.205691586027,282.254622114932,300.362108618346,0,NA,NA,"4110","0"
41101,12.617,1.836,3.3201,1.88,1.125,13.4514,166.5,190,145,195,379,161,187.725706803966,171.23436119378,193.883471421146,0,NA,NA,"4110","1"
41200,15.4625621107266,3.85817525951557,3.16916124567474,1.29074948096886,1.49110294117647,15.856446799308,296,125,73,122,274,179,142.385827766423,113.844458672702,136.673750018634,0,NA,NA,"4120","0"
41201,14.067375,1.373825,1.381875,2.150775,4.096875,15.6625,129,38,104,131,409,417,108.569245079062,88.6270702677514,94.5681477783325,0,NA,NA,"4120","1"
41210,15.4311457959184,4.06535167346939,3.17491983673469,1.31185828571429,1.4736267755102,15.7457763265306,293,126,75,124,269,177,143.695530113698,115.440488537899,138.362440048486,0,NA,NA,"4121","0"
41220,14.574,3.6158,2.31,1.54,1.3125,12.818,229,147,89,216,288,283,177.486839989092,153.862193628875,165.102613843637,0,NA,NA,"4122","0"
41221,14.357616,5.039208,3.146224,1.534992,1.028524,12.856472,236,202,97,215,234,182,178.046673398698,158.57724174584,177.088012455672,0,NA,NA,"4122","1"
41300,9.09311111111111,0.523166666666667,1.97503333333333,1.28243333333333,1.22,13.7608111111111,297,161,282,184,469,329,253.963082055188,220.4814374116,242.775273827867,0,NA,NA,"4130","0"
41301,9.85661066666667,0.920192,2.166208,1.28140711111111,1.11282311111111,12.397776,298,197,255,223,442,298,268.24825457716,238.584871481469,262.841672504012,0,NA,NA,"4130","1"
41302,9.4276,1.3205,3.1899,0.75,0.75,9.4107,403,285.5,275,319,415,171,286.647432730971,249.181698354905,330.738502789186,0,NA,NA,"4130","2"
41310,12.9935768518519,3.42649475308642,5.12557716049383,1.30487098765432,1.45283518518519,14.9089086419753,295,129,135,156,297,68,140.707955078707,111.3975598996,177.627726105729,0,NA,NA,"4131","0"
41311,10.23,0.3567,2.828,0.93,1.215,17.4304,374.5,166.5,240.5,80,486,227,190.119587308297,149.016972688655,184.00537711309,0,NA,NA,"4131","1"
41320,6.615,0.4408,1.7264,1.54,1.75,18.2313,229,99,351,65,478,358,161.232034937787,129.963215758602,145.230908860126,0,NA,NA,"4132","0"
41321,8.1246,0.63984375,2.0967375,1.0234375,0.81,14.96896875,351,264,317,151,462,309,276.195673738945,239.191635405858,270.300621861543,0,NA,NA,"4132","1"
41400,12.103475,16.04545,1.986575,4.494375,2.60546875,15.6073125,35,63,173,132,34,328,67.9658386134219,125.272322035134,58.6578177789559,0,NA,NA,"4140","0"
41401,18.047775,1.93155,0.60075,1.565,3.395,21.924,219,47,45,18,375,482,57.427552811847,41.1207729468599,48.8237996457001,0,NA,NA,"4140","1"
41402,14.418,3.3998,3.3649,1.215,4.24,19.823,318.5,36,94,37,298,156,78.213671592125,56.9487764921378,71.079768434152,0,NA,NA,"4140","2"
41403,11.765625,0.460075,1.7776,1.86375,4.78125,16.346925,174,31,184,108,475,350,106.206257853648,82.1714290171525,93.2056034604348,0,NA,NA,"4140","3"
41404,16.2425,2.90625,3.88,1.625,4.8925,15.9375,213,29,58,114,326,110,79.241240577369,58.8346499750994,74.9522487976402,0,NA,NA,"4140","4"
41405,15.516,2.7265,2.8595,1.3125,1.0044,17.5775,281.5,215,71,77,334,222.5,141.715985327081,111.690336358783,132.051800628898,0,NA,NA,"4140","5"
41406,14.4699,0.4514,1.9224,2.1875,7.205,16.8861,125.5,16,91,93,476,336,64.3084570055976,48.0199273755714,55.3507780335453,0,NA,NA,"4140","6"
41407,10.23,0.4847,2.6596,0.1344,0.69,12.5712,487,304,240.5,221,473,239,296.303152759112,248.591628286157,310.889886746399,0,NA,NA,"4140","7"
41409,12.513856,1.93492,1.564016,1.087936,1.182,15.868216,346,176,147,119,374,389,207.954817906242,171.645014553748,190.198546598783,0,NA,NA,"4140","9"
42100,11.8012125,2.9336875,10.10505,1.0430875,0.93968125,14.2285,348,233,182,174,323,15,71.5102803279323,51.3134505994799,233.600976362322,0,NA,NA,"4210","0"
42101,10.868136,7.355392,8.867216,1.692152,0.6354,9.762752,199,311,220,311,161,25,99.0597230356328,80.9770992366412,226.162651135172,0,NA,NA,"4210","1"
42200,11.922125,0.316675,1.3944,1.42625,0.84,13.607625,253,260.5,178,190,488,415,260.505651800359,234.602286474516,242.385652274688,0,NA,NA,"4220","0"
42201,10.599848,0.70278,2.453264,1.3408,1.144176,13.828712,269,187,232,181,460,259,241.696176675257,211.063374651199,238.340376564648,0,NA,NA,"4220","1"
42202,4.0194,0.4158,1.5438,0.93,0,3.6774,374.5,467,420,437,482,391,426.145936782652,427.982594228191,433.701624669643,0,NA,NA,"4220","2"
42203,12.2132,1.821552,1.78112,1.9215,1.0682,13.206744,158,199,170,204,380,349,218.204630911694,215.248819907786,202.92222542798,0,NA,NA,"4220","3"
43109,9.04195,2.37766875,1.3455,1.423825,1.0292125,10.0276,255,201,285,301,359,419,288.139639621434,282.901252960834,271.116085014555,0,NA,NA,"4310","9"
43200,8.293175,1.33315,7.0848,0.66035,0.382725,12.8898,423,366,315,213,413,38,146.422799698231,110.487240489305,326.026018675757,0,NA,NA,"4320","0"
43201,13.0326,0.9112,5.238,1.0044,0.75,11.121,360,285.5,131,274,443,66,173.159018280196,135.007900485059,253.487249914405,0,NA,NA,"4320","1"
43202,11.61110625,4.4334,4.437675,0.6193,1.395625,14.36496875,425,139,192,170,252,90,169.19922416247,137.168714628344,204.313929085747,0,NA,NA,"4320","2"
43203,11.168,1.61,4.7439,0.75,0.75,22.1741,403,285.5,208,16,392,79,70.9065669144399,50.2521276109134,69.3304376749652,0,NA,NA,"4320","3"
44100,3.287825,0.7632,0.93225,1.42625,0,1.6653,253,467,449,481,457,459,407.387560960216,464.706893957308,398.276985473616,0,NA,NA,"4410","0"
44101,1.6781,0.3078,1.4432,0.5244,0,1.1808,440.5,467,490,491,489,405.5,462.542572828213,461.576260728474,475.657996144448,0,NA,NA,"4410","1"
45100,2.22855,0.859775,2.5338,0.0636,0,4.27635,491.5,467,474,430,451,249,405.267199902856,378.708948473396,462.746708451247,0,NA,NA,"4510","0"
50011,17.9267,5.5404,15.1956,0.93,0.5244,19.7316,374.5,328.5,46,39,215,5,26.8731829869604,18.5203908119576,88.3326014378281,0,NA,NA,"5001","1"
50012,9.1887,2.1376,2.9725,0.475,0.2975,10.3944,453,395,278,289,367,206,310.740591166032,277.996397766683,345.35652344124,0,NA,NA,"5001","2"
51100,22.1094,3.8843,7.747,2.6772,0.9936,18.7404,81,223,16,60,273,31,47.3275643855862,36.0583669667805,52.3417627520701,0,NA,NA,"5110","0"
51101,8.72925,3.019425,2.079675,2.05095,1.31625,10.71275,142,143,292,281,320,312,220.534131558899,233.940001396434,208.231084851411,0,NA,NA,"5110","1"
51102,16.016,1.3485,0.648,2.35,1.54,16.9893,114,117.5,61.5,87.5,411.5,479.5,122.600820346393,105.765770624417,106.705027683413,0,NA,NA,"5110","2"
51110,10.863,1.5295,5.618,1.0044,1.215,14.9896,360,166.5,222,149,400,59,153.642730050846,118.38597000931,223.364163649825,0,NA,NA,"5111","0"
51111,10.7680222222222,1.7605,3.75193333333333,1.155,0.9052,13.2627555555556,331,249,226,202,386,120,220.654066064966,185.220707018916,264.166981477022,0,NA,NA,"5111","1"
51112,20.8494,9.2736,5.9774,0.5244,0.5244,19.1315,433,321,24,52,121,50,65.1591542446191,49.0308093835926,68.989893638117,0,NA,NA,"5111","2"
51113,12.716,2.6312,9.5316,0.84,1.2225,11.1252,388,160,140,273,341,17,76.9198817960079,55.1658933383394,222.740123322681,0,NA,NA,"5111","3"
51114,9.6903,0.612,2.8773,1.88,0.1344,8.802,166.5,416.5,260,327,466,221,274.080369206986,290.277611542162,287.573083024942,0,NA,NA,"5111","4"
51120,14.3596140625,4.5999296875,8.38110625,1.671828125,1.184925,15.075746875,202,174,96,145,245,26,87.0813823125738,66.7669103162739,156.916758144758,0,NA,NA,"5112","0"
51121,14.30198125,2.41635,3.03590625,1.254375,0.9765,13.1274375,303,225,99,206,355,199,197.666487266296,164.909714205141,197.206303845107,0,NA,NA,"5112","1"
51122,4.2612,1.9239,2.4696,0.9672,0,2.3312,369,467,413,472,376,256,377.058523695234,378.88021065846,415.918063528213,0,NA,NA,"5112","2"
52100,11.847,1.4841,1.76,0.69,1.215,12.87,418.5,166.5,179,214,401,355,251.496311049788,210.683148724246,237.549778381171,0,NA,NA,"5210","0"
52110,15.4752,7.569,14.5923,4,0.69,16.1304,41,304,72,110,153,7,33.096261507381,26.4924649914461,88.8267370600252,0,NA,NA,"5211","0"
52111,16.169,4.545,2.9593,3.900775,7.015,18.03645,45,18,59,67,247,209,52.3846262266276,45.0622820129547,45.5474969369521,0,NA,NA,"5211","1"
52112,25.3011,15.2781,18.732,5.0625,3.9856,18.9154,32.5,40,10,59,42,4,15.5814789127175,12.0494266948681,27.016430496573,1,"Digital",NA,"5211","2"
52113,21.481875,17.66,14.1939,3.63,2.109375,17.775225,48.5,78,21,72,29,10,27.7449144552903,24.5820295471058,39.8893447318926,0,NA,NA,"5211","3"
52114,18.603,5.8081,14.2065,0.8556,0.475,20.6584,386,347,39,27,205,9,35.0823446845005,24.4516938519448,70.3965606721399,0,NA,NA,"5211","4"
52119,5.206075,3.620925,2.35025,1.26375,0.140625,4.7601,301,411.5,387,418,285,274,336.467674255199,362.82625529627,352.212917058261,0,NA,NA,"5211","9"
52120,22,8.0542,5.8097,3.1525,2.21595,19.89635,66,75,18,35,144,57,45.2384442745008,36.098271155596,43.3316205162448,0,NA,NA,"5212","0"
52121,14.875,11.935,2.5668,2.1056,1.54,17.7927,135,117.5,84,71,67,248,99.7219401236889,104.963521310133,89.0452335346987,0,NA,NA,"5212","1"
53100,6.496,6.171,2.047,2.5944,0.93,8.4736,84.5,241.5,355,337,197,315,201.327091606996,306.376375252848,187.703953467158,0,NA,NA,"5310","0"
53110,20.5238,5.3572,4.836,3.0456,1.0044,20.4048,68.5,215,25,30,224,75,55.8971174811944,45.1941004078342,53.0886068831446,0,NA,NA,"5311","0"
53111,11.743875,7.82375,5.2384125,1.3611,0.3332,8.9047375,267,371,186,324,151,65,164.048747111459,152.29854375881,233.394240697616,0,NA,NA,"5311","1"
53120,1.853,1.6564,0.1935,0.1344,0,0.4998,487,467,484,498,391,499,468.646877223274,487.649316555705,462.842257177062,0,NA,NA,"5312","0"
53121,3.376575,0.3255,1.188525,0.605,0,1.6415,431,467,445,482,487,438,458.323237700355,458.337031708926,462.393828065222,0,NA,NA,"5312","1"
53122,21.624,4.7603,3.4026,2.025,1.0044,10.034,145,215,20,300,241,153,82.140033330224,64.4491405141145,75.1286771771175,0,NA,NA,"5312","2"
53123,11.796875,6.633,1.9536,2.0328,1.17375,13.53105,143,179.5,183,191,190,332,191.287908944765,208.482255357089,176.283963543418,0,NA,NA,"5312","3"
53124,5.3966,5.737688,1.651416,2.345,0.428976,6.395424,116,361,382,384,212,363,250.418443280854,373.202133430355,235.708478490289,0,NA,NA,"5312","4"
53125,9.0746,8.671,1.4964,3.18,2.5,12.1225,65,67,283,242,133,402,126.481342239793,161.136820077978,111.218777883436,0,NA,NA,"5312","5"
53200,7.3935,5.0151,4.761,1.6544,0,6.3753,205.5,467,338,385,237,78,204.221936237064,196.70029291382,299.014915032254,0,NA,NA,"5320","0"
53201,10.065,2.7161,3.146,2.82,0.475,10.8836,75.5,347,248,276,336,183,187.65380068768,251.027354750305,188.402043640521,0,NA,NA,"5320","1"
53202,5.39,0.8246,0.9916,0.75,0,4.522,403,467,384,423,453,453,429.394050389142,430.32553664684,424.789491436931,0,NA,NA,"5320","2"
54100,6.13678888888889,1.59346666666667,2.19893333333333,1.38805555555556,0.628677777777778,7.44651111111111,261,313,366,363,393,295,326.264183565391,332.360068340421,333.07516183488,0,NA,NA,"5410","0"
55109,2.2983,0.0202,0.5699,0.75,0,0.9936,403,467,473,492,500,485,468.613698524163,480.049876447713,465.284653561651,0,NA,NA,"5510","9"
60010,11.5818,2.7675,3.5925,1.12125,1.17,15.6768,342.5,182,193,129,330,128,187.525070261716,153.47212029303,206.238432685916,0,NA,NA,"6001","0"
60020,13.32,5.5902,5.825,2.1056,0.93,15.1475,135,241.5,119,144,214,56,122.695472256634,108.408557894248,159.450468045334,0,NA,NA,"6002","0"
60030,7.998,2.1209,2.8476,0.5244,0.93,10.6134,440.5,241.5,323,283,368,224,297.755887406162,263.579234843581,318.343784795526,0,NA,NA,"6003","0"
60031,19.639,5.1863,7.4088,1.88,1.4256,17.5924,166.5,133.5,30,75.5,228,34,65.4498133870194,49.1785142597868,79.2369599175589,0,NA,NA,"6003","1"
60040,8.4744,1.4553,3.1317,2.91,1.324375,13.2264,73.5,142,307,203,404,189,165.303675810003,196.031547940845,161.115301373488,0,NA,NA,"6004","0"
62010,12.1199555555556,4.4229,1.8258,1.91013333333333,1.35555555555556,12.264,161,141,171,228,254,346,198.680287708617,198.95683334168,183.033341033239,0,NA,NA,"6201","0"
62020,9.164,2.4522,1.5312,1.0044,0.5244,8.5176,360,328.5,280,334,352,399,339.335055445442,331.161607145642,329.34520125861,0,NA,NA,"6202","0"
62021,5.7358,3.608,2.1318,0.5244,0,14.1746,440.5,467,373.5,175.5,289.5,303.5,308.259502180829,290.765849390556,309.022570178538,0,NA,NA,"6202","1"
62022,6.8904,0.1177,1.7195,1.8144,1.4256,9.8264,184.5,133.5,345,304,497.5,360,252.411126692521,244.291379569061,238.087757529929,0,NA,NA,"6202","2"
62023,6.8855,0.91,1.5405,1.0044,0.5244,10.3059,360,328.5,347,294,445,393,356.112637539222,337.941556252629,349.393053150396,0,NA,NA,"6202","3"
62024,5.7358,3.608,2.1318,0.5244,0,14.1746,440.5,467,373.5,175.5,289.5,303.5,308.259502180829,290.765849390556,309.022570178538,0,NA,NA,"6202","4"
62029,6.8855,0.91,1.5405,1.0044,0.5244,10.3059,360,328.5,347,294,445,393,356.112637539222,337.941556252629,349.393053150396,0,NA,NA,"6202","9"
62100,11.1724,6.29992222222222,4.56633333333333,2.365,1.28,11.3055555555556,112,156.5,207,264,195,84,147.613140599906,149.83973079698,173.117714198617,0,NA,NA,"6210","0"
62101,14.144,2.8952,3.4848,1.0044,1.54,14.3112,360,117.5,100,172,327,137,161.353667397138,127.524457027922,167.006139626286,0,NA,NA,"6210","1"
62200,11.9556,5.4145,3.8306,1.96,0.75,11.6512,155,285.5,177,258,219,115,184.355679105025,185.270337143942,208.985597052807,0,NA,NA,"6220","0"
62201,11.31715,1.788225,4.103275,1.53125,0.493125,12.008325,240.5,338.5,202,248,383,101,210.996017234012,184.403159556613,268.346384110959,0,NA,NA,"6220","1"
62202,4.130488,6.68904,1.516536,2.552576,0.151232,3.533868,88,410,417,441,189,401,230.109408847755,417.735366456102,211.981257749379,0,NA,NA,"6220","2"
63100,9.454,0.1177,3.4545,1.3125,1.3125,14.4724,281.5,147,273,167,497.5,141,207.276315314051,170.9326742512,228.262412826763,0,NA,NA,"6310","0"
63101,14.9385,3.24,5.565,1.0044,1.0044,15.312,360,215,83,141,304,60,130.381328232447,100.074836767363,168.773997461997,0,NA,NA,"6310","1"
63102,10.9291111111111,2.33675555555556,2.24893333333333,0.532311111111111,1.93297777777778,16.7139,432,90,216,98,361,292,175.524895895182,137.403757965527,162.494798066288,0,NA,NA,"6310","2"
63200,4.4265,1.289472,1.186432,0.8382,0.107604,4.72944,389,425,408,420,417,439,416.757054847199,423.709522195929,412.400058510395,0,NA,NA,"6320","0"
63201,3.0051,1.5345,0.462,0.69,0.1344,5.95,418.5,416.5,461.5,392.5,397,490.5,427.666948396997,437.95992224744,416.83962577551,0,NA,NA,"6320","1"
63202,5.3965,3.4608,1.7472,1.54,0,3.422,229,467,383,444,293,356,342.1061339949,408.612310937916,339.275254343895,0,NA,NA,"6320","2"
63210,4.0896,1.81485,1.267875,1.21875,0.2261,3.4164,311,403,419,445,381,424,392.818677470711,423.222491128378,386.958518928084,0,NA,NA,"6321","0"
63211,2.98239375,0.966125,0.9477,0.8658625,0.104025,3.52875,385,426,463,442,441,456,434.917182374409,447.296559435184,430.754264274011,0,NA,NA,"6321","1"
63220,0.9174,2.9829,0.534,0.1344,0,0.9792,487,467,497,493,322,486,448.84581273085,486.472190236882,441.921316360158,0,NA,NA,"6322","0"
63221,1.8683,2.765,1.0143,2.5944,0,4.6258,84.5,467,483,421,331,448,255.235928953063,454.560559495639,234.956987968763,0,NA,NA,"6322","1"
64100,9.705552,3.311304,1.987832,1.683648,0.7986,10.863684,200,267,259,278,300,327,266.573182146519,281.481863925454,256.949058362579,0,NA,NA,"6410","0"
64101,11.0633,0.7524,5.6975,1.215,0.75,12.9426,318.5,285.5,212,211,458,58,170.648898829928,133.997196755789,274.562982352275,0,NA,NA,"6410","1"
64200,2.1971,2.9295,1.5322,1.88,0,0.588,166.5,467,475,497,324,398,337.098298148891,457.044121741348,326.953448578418,0,NA,NA,"6420","0"
64201,3.474,0.5654,0.93725,0.75,0.2261,5.12865,403,403,439,410,467,458,429.439088139403,427.363482972282,423.978009030135,0,NA,NA,"6420","1"
64300,6.7077,1.9005,2.9161,0.1344,0.3125,3.876,487,382.5,349,434,378,213,350.382246033306,321.635127174527,401.565846046467,0,NA,NA,"6430","0"
64301,4.7235,1.539,2.73,0.75,0.3125,5.2685,403,382.5,398,404,395,233,355.935901388465,337.368608545382,397.346884771843,0,NA,NA,"6430","1"
64310,13.4064,2.7863,10.9682,1.54,1.3125,17.618,229,147,117,73,329,13,55.7872030899794,39.9307528989058,138.416060936927,0,NA,NA,"6431","0"
64311,10.642275,6.69335,3.02005,1.154225,0.3125,6.95565,332.5,382.5,228,368,188,200,261.448939754533,272.860125189598,278.181027487304,0,NA,NA,"6431","1"
64312,15.45,1.4352,2.912,0.75,1.6544,18.9819,403,104,74,57,406,214,120.768243170346,89.386104142133,111.035182417677,0,NA,NA,"6431","2"
64313,10.851975,3.2319,4.614625,0.6336,1.0269,13.011025,424,203,223,209,305,83,189.550532797463,153.651647612643,253.176526210035,0,NA,NA,"6431","3"
64314,11.832975,1.32845,3.15,1.42625,0.98595,15.22565,253,224,180,143,414,181,208.660069716386,178.505634408084,214.957636275931,0,NA,NA,"6431","4"
64320,4.2315,1.1297,1.957,1.0044,0,5.0668,360,467,415,411,430,331,398.139370852714,400.808392475323,414.660694623653,0,NA,NA,"6432","0"
64321,6.9877125,0.85365,2.12506875,0.1365625,0.25795,7.71338125,483,396,343,360,452,306,381.511889434892,349.244916460481,400.976047696797,0,NA,NA,"6432","1"
64322,10.64,1.1502,4.0809,1.88,0.5244,12.352,166.5,328.5,229,226,428,103,201.989257562516,186.886209519937,248.890379723136,0,NA,NA,"6432","2"
64400,13.1271,0.4305,4.7397,0.75,0.93,15.0025,403,241.5,128,147,479,80,168.839699484549,129.1235396858,215.601001071416,0,NA,NA,"6440","0"
64401,8.4245,2.657475,2.7404,0.72,1.46595,12.34425,413.5,127.5,311,227,338,232,239.736888564533,203.406656945424,241.131287373509,0,NA,NA,"6440","1"
64409,15.311275,2.507925,4.19615625,1.9603125,2.05375,17.43075,153,84,77,79,347,98,106.094607343311,84.7704955745783,107.6373235987,0,NA,NA,"6440","9"
64410,6.4515,2.459388,4.80192,0.497824,0.758448,8.369504,452,274,356,339,350,76,218.800969948767,178.845496982808,346.376272193722,0,NA,NA,"6441","0"
65100,5.412,0.9916,1.8832,0,0.1344,4.3512,496.5,416.5,381,428,439,340,412.106541720967,389.23514625662,430.041291905493,0,NA,NA,"6510","0"
65101,13.272,10.7917,1.8643,2.1056,0.69,13.3595,135,304,122,197,98,342,162.916518266269,206.454524354743,147.435103265761,0,NA,NA,"6510","1"
65102,3.999,1.1169,0.9943,0.2261,0.3584,8.0276,478.5,369.5,421.5,351.5,432.5,451,413.57921570223,395.444946804528,406.66575671113,0,NA,NA,"6510","2"
65109,9.90013469387755,2.7163693877551,3.84462857142857,1.98015306122449,1.52380408163265,13.4766734693878,149,123,254,194,335,113,168.875764067149,154.522369234574,186.86596126458,0,NA,NA,"6510","9"
65200,4.2374625,1.2174125,1.62211875,0.35450625,0.0981,6.90534375,457,427,414,369,426,364,407.779276740872,392.598887428838,417.567347489477,0,NA,NA,"6520","0"
65201,4.95235555555556,1.47031111111111,2.3927,0.297644444444444,0.0204,5.1543,474,433,391,409,402,270,385.33462898431,364.158462118743,420.845487003713,0,NA,NA,"6520","1"
65202,3.0051,1.5345,0.462,0.69,0.1344,5.95,418.5,416.5,461.5,392.5,397,490.5,427.666948396997,437.95992224744,416.83962577551,0,NA,NA,"6520","2"
65210,4.280175,1.067175,3.645675,0.414225,0.414225,3.3972,455,362,412,447,435,124,301.585863058708,259.60082881217,420.350628767911,0,NA,NA,"6521","0"
65211,8.10477777777778,1.11677777777778,1.8117,1.21457777777778,0.450011111111111,9.66567777777778,325,358,321,313,434,347,346.506005259535,334.745345643982,346.208744315218,0,NA,NA,"6521","1"
65220,5.9055,2.431,1.525975,1.154225,0.219225,6.52125,332.5,405,368,379,354,400,372.351002371431,388.408876227985,367.105513599095,0,NA,NA,"6522","0"
65229,6.8855,0.91,1.5405,1.0044,0.5244,10.3059,360,328.5,347,294,445,393,356.112637539222,337.941556252629,349.393053150396,0,NA,NA,"6522","9"
65310,2.10375,0.42005,1.6676,0.2261,0,1.4112,478.5,467,477,489,481,362,455.07519858784,443.240818627075,479.394971132778,0,NA,NA,"6531","0"
65311,2.646,3.58,2.1275,0,0,0.726,496.5,467,468,496,291,305,400.435076043912,418.892267920001,426.776703807181,0,NA,NA,"6531","1"
65312,1.8857,1.463,1.764,0,0,2.175,496.5,467,482,475,403,353,440.588725853237,437.979640860844,463.251052631504,0,NA,NA,"6531","2"
65320,4.9184,2.277,1.1661,0,0,3.184,496.5,467,392,453,363,442,431.699277556546,437.576395394094,429.507968150083,0,NA,NA,"6532","0"
65329,4.733015625,1.5337984375,2.8332015625,0.36838125,0.241953125,5.9137125,456,400,397,394,399,226,360.76241824991,334.916923441158,408.959224241196,0,NA,NA,"6532","9"
70010,12.6795,20.5869,4.465,1.215,0.75,16.91,318.5,285.5,141.5,89.5,21.5,88.5,74.7149733331839,122.208851530733,72.3254023771302,0,NA,NA,"7001","0"
70011,12.6795,20.5869,4.465,1.215,0.75,16.91,318.5,285.5,141.5,89.5,21.5,88.5,74.7149733331839,122.208851530733,72.3254023771302,0,NA,NA,"7001","1"
70012,12.2146444444444,8.759,5.01555555555555,1.9209,1.28,11.6494,159,156.5,169,259,129,72,137.241197233863,134.334829608066,166.555514018692,0,NA,NA,"7001","2"
70020,11.960704,5.459216,5.875392,1.206576,0.901352,15.35584,326,250,176,139,217,55,141.914287315635,115.494175183193,204.734289293097,0,NA,NA,"7002","0"
70021,15.8865,5.0167,4.2588,2.1056,1.54,15.7014,135,117.5,64.5,126.5,235.5,94.5,111.936943390761,95.1920051247699,115.927506450356,0,NA,NA,"7002","1"
72010,4.5046,11.6808,3.432,1.125,0.3125,8.0342,337.5,382.5,404,347,76,148,196.059894855613,272.820211168795,209.279593751408,0,NA,NA,"7201","0"
72011,4.5046,11.6808,3.432,1.125,0.3125,8.0342,337.5,382.5,404,347,76,148,196.059894855613,272.820211168795,209.279593751408,0,NA,NA,"7201","1"
72012,4.5046,11.6808,3.432,1.125,0.3125,8.0342,337.5,382.5,404,347,76,148,196.059894855613,272.820211168795,209.279593751408,0,NA,NA,"7201","2"
72013,4.5046,11.6808,3.432,1.125,0.3125,8.0342,337.5,382.5,404,347,76,148,196.059894855613,272.820211168795,209.279593751408,0,NA,NA,"7201","3"
72014,8.1482,15.342975,3.9035,2.38015,0.9375,10.0485,109,234.5,316,299,40,107,112.202793972483,200.06550918878,113.082912832564,0,NA,NA,"7201","4"
72020,9.044,10.1578333333333,2.96156666666667,1.82931111111111,1.16751111111111,11.6622,181,183,284,257,107,208,185.425681838128,227.218343001486,181.33491908561,0,NA,NA,"7202","0"
72021,4.5046,11.6808,3.432,1.125,0.3125,8.0342,337.5,382.5,404,347,76,148,196.059894855613,272.820211168795,209.279593751408,0,NA,NA,"7202","1"
72022,12.3768,11.6116,1.58,2.5,0.475,12.2344,97,347,154.5,234.5,85.5,377.5,158.071531168469,247.024530664078,141.580927678901,0,NA,NA,"7202","2"
72023,10.145475,7.228,3.46425,1.37735,0.605,10.308375,263,315,244,292,167,140,218.248346466685,225.334879573237,245.105024244827,0,NA,NA,"7202","3"
72024,9.443525,6.78855,2.92365,1.875,0.21375,7.902225,172,406,274,354,181,210,240.727417495855,293.048794789276,247.707224197718,0,NA,NA,"7202","4"
72025,15.8865,5.0167,4.2588,2.1056,1.54,15.7014,135,117.5,64.5,126.5,235.5,94.5,111.936943390761,95.1920051247699,115.927506450356,0,NA,NA,"7202","5"
72100,5.9013,8.046,0.8723,3.5344,1.96,11.1552,50.5,88.5,369.5,271.5,145.5,467.5,130.662446378996,203.28884580541,114.19337099139,0,NA,NA,"7210","0"
72101,7.9648,10.1378,0.9438,7.92,1.0044,10.4748,7,215,324,285,108,457,40.6612125124204,298.809342259288,34.3932488552174,0,NA,NA,"7210","1"
72102,3.4496,8.0647,0.378,4,0.3125,4.3248,41,382.5,440,429,143,494,150.094231803161,433.79623897442,131.736041644528,0,NA,NA,"7210","2"
72103,3.7496,10.0835,0.2709,1.75,0,3.906,193,467,430,433,109,497,260.703331572393,456.146250800077,238.020052284785,0,NA,NA,"7210","3"
72104,3.6084,9.7572,2.2302,0.75,0,2.664,403,467,435,465,113,293,282.688299178452,400.897472759431,280.529614099352,0,NA,NA,"7210","4"
72105,1.169525,9.126,0.77575,1.996875,0,1.6218,147,467,493,483,124,476,259.961371486588,480.561561409718,238.277735081025,0,NA,NA,"7210","5"
72106,3.232775,5.72365625,0.88265,1.3630875,0.25501875,3.422175,266,397,459,443,213,466,342.891014978698,440.525930418545,325.585618552129,0,NA,NA,"7210","6"
72200,7.904,8.294,8.9999,3.5,0,4.9053,54,467,325.5,413.5,137.5,23.5,81.2672865885593,82.5961437551303,151.450352350217,0,NA,NA,"7220","0"
72201,8.814,10.0632,9.044,2.07375,0.66,5.5167,140,310,289,399,110,21,84.8422732053526,73.235587088785,197.902882240882,0,NA,NA,"7220","1"
72202,7.904,8.294,8.9999,3.5,0,4.9053,54,467,325.5,413.5,137.5,23.5,81.2672865885593,82.5961437551303,151.450352350217,0,NA,NA,"7220","2"
72203,4.3645,10.324,4.7793,2.1056,0.3125,2.3985,135,382.5,409,471,106,77,163.556910170369,200.142669619062,209.520915722343,0,NA,NA,"7220","3"
72204,15.5479,12.198125,19.5615,2.2372,1.9822,12.390675,122,87,70,224,64,3,19.7753986334919,14.2911966005291,93.6201876478458,1,"Digital",NA,"7220","4"
72205,19.9684444444444,15.4273333333333,19.7156666666667,2.31937777777778,2.9716,14.9567777777778,119,54,28,152,38,2,14.0677242860607,10.1902037748455,53.6625302093883,1,"Digital",NA,"7220","5"
72300,3.895,11.9168,1.5675,2.7936,0.1272,1.4651,78,422,426,486,70,387,166.299748735898,428.417156477295,149.244333185871,0,NA,NA,"7230","0"
72301,3.895,11.9168,1.5675,2.7936,0.1272,1.4651,78,422,426,486,70,387,166.299748735898,428.417156477295,149.244333185871,0,NA,NA,"7230","1"
72302,3.895,11.9168,1.5675,2.7936,0.1272,1.4651,78,422,426,486,70,387,166.299748735898,428.417156477295,149.244333185871,0,NA,NA,"7230","2"
72310,3.61935555555556,9.212,2.46255555555556,2.33256666666667,0.301666666666667,1.93557777777778,118,394,434,479,123,257,220.121481099134,370.720547853919,213.84238586292,0,NA,NA,"7231","0"
72311,3.526,11.3155,0.9225,2.82,1.215,2.0492,75.5,166.5,438,477,96,460,167.175274390779,319.762066634342,148.274334807405,0,NA,NA,"7231","1"
72320,2.16826666666667,6.09591111111111,0.818088888888889,1.49048888888889,0.194444444444444,3.0498,244.5,408,476,458,199,471,334.970279220354,452.554362480555,316.588085588828,0,NA,NA,"7232","0"
72321,1.749,2.7267,0.417,1.75,0,1.3114,193,467,489,490,333,492,366.048354783773,485.282244411951,348.119609487054,0,NA,NA,"7232","1"
72400,7.67745,11.95725,2.009475,3.63,1.7861,8.2436,48.5,96,334,341,66,325,110.267346226247,207.406332371201,97.3790944107198,0,NA,NA,"7240","0"
72401,11.4276,9.506125,3.01725,2.4628,1.154225,10.1043,106,186,198,298,116,201,164.111546506338,214.273900150155,158.177773043286,0,NA,NA,"7240","1"
72402,12.996,13.9854,3.7698,3.5,0.945,11.189,54,231.5,134,269.5,54.5,117.5,99.9267285390339,167.755969697275,96.8895047852859,0,NA,NA,"7240","2"
72403,3.8964,13.376,1.4872,1.88,0,3.268,166.5,467,424,451,58,403,186.935501434194,435.856605871494,168.796971718589,0,NA,NA,"7240","3"
72404,7.7472,13.4583,3.3325,2.5,0.75,15.88,97,285.5,331,117,56,160,122.608753144616,188.784270030037,117.027591464131,0,NA,NA,"7240","4"
72405,5.9013,8.046,0.8723,3.5344,1.96,11.1552,50.5,88.5,369.5,271.5,145.5,467.5,130.662446378996,203.28884580541,114.19337099139,0,NA,NA,"7240","5"
72406,13.572,13.1472,3.8556,3,1.215,11.52,70.5,166.5,116,261,60,112,104.233684175434,147.14803626776,102.641144896221,0,NA,NA,"7240","6"
72410,10.7111020408163,11.5311591836735,2.74342040816327,2.11741836734694,1.52103673469388,11.2551795918367,130,124,227,266,92,231,154.528042313027,195.679129960287,144.853811005271,0,NA,NA,"7241","0"
72411,3.875275,3.453125,1.218,0.8736,0.4625,4.838,383,355,428,417,294,432,378.888303564081,406.429535825193,369.649341461133,0,NA,NA,"7241","1"
72420,12.996,13.9854,3.7698,3.5,0.945,11.189,54,231.5,133,269.5,54.5,117.5,99.8348161880484,167.367951827526,96.785828378632,0,NA,NA,"7242","0"
72421,14.0448,9.3,1.4432,1.88,1.0044,6.7683,166.5,215,107,370,120,405.5,180.29418597345,210.036253907922,162.238008471665,0,NA,NA,"7242","1"
72422,15.6408,14.019904,6.480672,2.917572,2.2163,13.493652,72,74,69,193,53,40,67.1283010171997,69.974194413258,76.9339240739766,0,NA,NA,"7242","2"
72423,11.8030444444444,8.20808888888889,3.06094444444444,1.96146666666667,0.8082,11.7209555555556,152,265,181,254,141,197,188.654453820094,219.466964829483,186.890220300507,0,NA,NA,"7242","3"
72429,8.4064,10.6848,2.7022,1.3125,0.5244,10.8703,281.5,328.5,312.5,277,99,235,217.399752409388,284.513143024701,214.026076132347,0,NA,NA,"7242","9"
72500,7.483575,9.265425,2.92,0.72,0,5.2756,413.5,467,336,403,122,211,262.708911609855,325.300052758676,275.907961052761,0,NA,NA,"7250","0"
72501,1.8056,8.694,3.015,2.1056,0,2.6492,135,467,486.5,466.5,131.5,202.5,229.522855253775,355.83780498928,235.547038535611,0,NA,NA,"7250","1"
72600,9.0951,7.22792777777778,3.34283333333333,1.19191111111111,0.772066666666666,8.14988888888889,328,273,281,342,168,159,236.986857489496,244.481050801997,262.221355110212,0,NA,NA,"7260","0"
72601,10.9733,4.368,10.2942,1.3125,1.3125,12.1792,281.5,147,213,241,256,14,66.919902271293,48.6449037653151,217.459766823446,0,NA,NA,"7260","1"
72602,8.1104,6.875,8.083,1.3114,0.8932,8.76,294,251,320,328,176,27,109.335689473767,87.2651402995352,260.925192660066,0,NA,NA,"7260","2"
72603,10.1664,14.7294,6.3232,1.3125,1.3125,7.0675,281.5,147,243,366,44,43,96.6662531862305,110.171028518356,127.090775805307,0,NA,NA,"7260","3"
72604,8.1189,3.7948,6.069,0.5244,0.75,8.544,440.5,285.5,318.5,332.5,276.5,48.5,168.117040074472,134.134506212386,322.84304645451,0,NA,NA,"7260","4"
72999,10.208,8.0366,5.084,2.35,1.215,10.4976,114,166.5,242,284,147,71,139.744678374898,145.544325610255,172.137444530427,0,NA,NA,"7299","9"
73100,2.08,1.2876,3.1816,1.3125,0.1344,2.8944,281.5,416.5,478,459,418,172,326.733142854253,321.617035978585,397.353209599946,0,NA,NA,"7310","0"
73101,0.9936,3.0336,0.8848,1.96,0,0.834,155,467,496,494,318,465,335.946211227735,481.061259333801,318.185998913166,0,NA,NA,"7310","1"
73102,0.812,2.3562,0.8601,1.54,0,4.7499,229,467,498,419,360,469,380.534848508895,462.461315105828,366.579081258568,0,NA,NA,"7310","2"
73110,2.0178,7.1703,1.1928,1.3125,0,3.7584,281.5,467,481,435,170,436,330.01258790553,454.88928703092,314.60796894807,0,NA,NA,"7311","0"
73111,1.1242,2.9141,1.2533,1.54,0,2.8684,229,467,494,460,325,428,373.309267524437,462.045616050308,363.862294243932,0,NA,NA,"7311","1"
73112,1.8382,0.4288,0.57,0.75,0,0.8232,403,467,485,495,480,484,467.777913218517,483.538534540999,464.479232128245,0,NA,NA,"7311","2"
73113,1.02225,4.446475,0.404625,0.99015,0,1.4615,368,467,495,488,251,493,402.672577883133,486.490023542882,388.314769436751,0,NA,NA,"7311","3"
73200,4.75027222222222,8.76127777777778,2.91135625,1.49009583333333,0.429921527777778,4.1883625,246,360,396,432,128,215,249.702497968317,327.116130305561,257.745715040058,0,NA,NA,"7320","0"
73201,4.7008,6.3252,2.5192,3.9856,0.69,10.3929,44,304,399,290,194,251,148.024626311947,303.412588878246,136.740759951367,0,NA,NA,"7320","1"
73202,3.3293,2.2098,0.9075,1.0044,0,3.55,360,467,447,440,364,461,419.264359212206,454.495312631964,411.648743271429,0,NA,NA,"7320","2"
73209,10.8729097222222,10.5514770833333,2.90349722222222,2.26004375,0.576294444444444,7.89086666666667,121,317,219,355,101,216,181.224888828633,264.771041424123,175.4401952891,0,NA,NA,"7320","9"
73300,5.2003,2.45255,2.786175,0.75,0.0636,4.209275,403,429.5,388,431,351,228,355.211224495805,345.566338492725,399.216070913634,0,NA,NA,"7330","0"
73301,5.3436,3.130375,4.509,0.515625,0,3.7468,448.5,467,385,436,314,86,250.948319226381,216.09931110414,402.736919217439,0,NA,NA,"7330","1"
73310,4.898125,4.0657,3.481,0.3125,0.140625,6.132,465.5,411.5,393,390,268,139,292.343377390825,272.800766677538,373.66546066515,0,NA,NA,"7331","0"
73311,8.1189,3.7948,6.069,0.5244,0.75,8.544,440.5,285.5,318.5,332.5,276.5,48.5,168.117040074472,134.134506212386,322.84304645451,0,NA,NA,"7331","1"
73400,2.67954693877551,5.90179591836735,1.264,1.10519183673469,0.0752040816326531,4.60748571428571,344,428,467,422,203,427,353.590519070814,436.287360970677,341.70902776935,0,NA,NA,"7340","0"
73401,7.8925,3.1584,0.107,1.125,0.93,12.06,337.5,241.5,328,246,313,500,310.129782696213,302.850978587631,288.172294299459,0,NA,NA,"7340","1"
73402,1.8056,8.694,3.015,2.1056,0,2.6492,135,467,486.5,466.5,131.5,202.5,229.522855253775,355.83780498928,235.547038535611,0,NA,NA,"7340","2"
74100,3.3003,0.3937,1.1055,0,1.0044,5.3938,496.5,215,448,401,484,443,382.933386914338,344.928223085495,372.681847199482,0,NA,NA,"7410","0"
74101,3.5638,0.448,1.3756,0,0,2.1402,496.5,467,436,476,477,418,461.17473585402,449.026885559134,470.649445176287,0,NA,NA,"7410","1"
74102,3.696,0.276,1.8643,0.5244,0,3.331125,440.5,467,431.5,448.5,490.5,342,432.00803635821,417.143041209218,455.65648473128,0,NA,NA,"7410","2"
74200,3.1616,11.0032,4.2064,1.3125,0,3.4112,281.5,467,460,446,97,97,196.778911093743,238.846358260027,246.463366035563,0,NA,NA,"7420","0"
74201,2.6425,5.1429,2.881,2.5944,0,5.3124,84.5,467,469,402,229,219,219.498904560634,354.256431570545,219.39895927164,0,NA,NA,"7420","1"
74202,10.9142333333333,6.12651111111111,7.75355555555556,1.01333333333333,0.782977777777778,12.0813333333333,352,271,217,245,198,30,114.406181737434,89.7127877704158,247.688398239462,0,NA,NA,"7420","2"
74203,8.64002222222222,9.48564444444444,2.76797777777778,1.57055555555556,0.747066666666667,8.134,218,294,295,343,117,230,221.852662711581,285.628801909484,220.109445964735,0,NA,NA,"7420","3"
74204,3.44576666666667,7.12877777777778,3.171,1.4148,0.241111111111111,6.51068888888889,259,401,441,380,171,178,265.235842398467,308.611739865194,293.517061451659,0,NA,NA,"7420","4"
74205,2.878725,7.541475,3.52495,0.5069,0.0636,4.9078,451,429.5,464,412,155,134,261.72553619022,279.678564204772,322.219524325122,0,NA,NA,"7420","5"
75100,4.7775,1.42975,1.20265,0.75,0.2261,4.8756,403,403,395,416,408,434,410.462203816334,412.480328216128,405.883133651767,0,NA,NA,"7510","0"
75101,5.74627959183673,5.79057959183674,2.06507142857143,1.43392653061224,0.362040816326531,6.45402244897959,251,368,372,383,206,313,300.314667714185,357.785840139782,297.719514539381,0,NA,NA,"7510","1"
75110,2.39647644444444,6.55896622222222,1.72249822222222,1.02604133333333,0.0252751111111111,2.69421333333333,350,432,472,464,193,359,345.70991811706,427.718322721084,342.986967092321,0,NA,NA,"7511","0"
75119,10.3603,14.3808,3.663,1.0044,0.5244,3.57,360,328.5,235,438,51,122,151.205762137467,226.242102838863,158.473852867531,0,NA,NA,"7511","9"
75201,3.696,0.276,1.8643,0.5244,0,3.331125,440.5,467,431.5,448.5,490.5,342,432.00803635821,417.143041209218,455.65648473128,0,NA,NA,"7520","1"
75210,7.6007,5.817,7.57793333333333,1.16233333333333,0.5612,7.08683333333333,330,318,335,364,204,32,127.515943055794,102.161369231462,298.509074482771,0,NA,NA,"7521","0"
75211,3.6783,3.2955,3.9342,0.6072,0,3.552,428,467,433,439,302,105,275.495735597063,247.714997300881,405.023613543845,0,NA,NA,"7521","1"
75212,2.8608,4.9842,2.8595,0.1344,0,2.187,487,467,465,474,238,222.5,350.96972341297,368.249153904551,396.15825413549,0,NA,NA,"7521","2"
80010,14.365,18.5968,2.1672,3.4344,2.76,19.5534,57,58.5,95,43,26,297,55.7699688146423,75.0379408980017,47.9712578801985,0,NA,NA,"8001","0"
80020,8.43027777777778,7.68111111111111,2.30016666666667,1.22972222222222,1.01546666666667,7.52333333333333,309,207,310,361,152,287,249.79668925921,280.548593503162,243.340838110421,0,NA,NA,"8002","0"
80021,8.6272,9.976,2.3001,1.82,1.1573,8.8683,182.5,184.5,298.5,325.5,111.5,289,202.844715171631,262.453470632045,191.343607182605,0,NA,NA,"8002","1"
80022,8.6272,9.976,2.3001,1.82,1.1573,8.8683,182.5,184.5,298.5,325.5,111.5,289,202.844715171631,262.453470632045,191.343607182605,0,NA,NA,"8002","2"
82010,7.7322,7.308,2.337,1.365,0.6768,7.0812,265,308,332,365,164,279,268.301247021466,318.905059472816,266.077833558704,0,NA,NA,"8201","0"
82020,4.5046,11.6808,3.432,1.125,0.3125,8.0342,337.5,382.5,404,347,76,148,196.059894855613,272.820211168795,209.279593751408,0,NA,NA,"8202","0"
82021,4.5046,11.6808,3.432,1.125,0.3125,8.0342,337.5,382.5,404,347,76,148,196.059894855613,272.820211168795,209.279593751408,0,NA,NA,"8202","1"
82030,6.56573888888889,5.51044444444444,2.689875,0.955277777777778,0.538144444444444,6.28444444444444,370,320,353,386,216,236,299.293295411154,313.885210613226,315.899560956217,0,NA,NA,"8203","0"
82031,10.0824388888889,5.40388888888889,2.89647222222222,1.24936666666667,0.708,9.97588055555556,304,299,246,303,222,218,260.86283363515,262.50853050813,271.232287638712,0,NA,NA,"8203","1"
83100,3.77238125,8.5534375,2.6079125,0.7147546875,0.1203125,2.4565078125,415,424,429,470,135,242,290.224112891604,366.404678900704,301.960591116887,0,NA,NA,"8310","0"
83101,8.4064,15.9064,1.5575,0.69,1.54,3.33,418.5,117.5,312.5,450,35,390,128.852089894476,243.851127897823,113.617063884435,0,NA,NA,"8310","1"
83110,1.4602,3.54,0.496,0.3125,0,5.8804,465.5,467,492,395,292,488,419.815751008822,457.907326727413,408.263440369748,0,NA,NA,"8311","0"
83120,6.1997,3.7636,3.1382,0.6072,0,3.108,428,467,362.5,455.5,279.5,185.5,327.218719074412,321.535794569419,385.373414208773,0,NA,NA,"8312","0"
83121,6.1997,3.7636,3.1382,0.6072,0,3.108,428,467,362.5,455.5,279.5,185.5,327.218719074412,321.535794569419,385.373414208773,0,NA,NA,"8312","1"
84100,3.2754,7.3216,1.5744,1.75,0,4.4863,193,467,450.5,425.5,162.5,384.5,291.812637704289,430.557011343929,278.286352699213,0,NA,NA,"8410","0"
84101,6.409,7.18315,1.9893,0.75,0.515625,5.429375,403,336.5,357,400,169,326,305.099291037652,353.727848043454,301.066526285068,0,NA,NA,"8410","1"
84110,0.3872,2.5668,0.2124,0,0,0.2553,496.5,467,500,500,342,498,459.478644676669,491.836974307721,452.313891954578,0,NA,NA,"8411","0"
84111,12.4362,6.042,3.7625,1.3125,1.0044,11.7012,281.5,215,148,256,200,119,187.030259886768,169.740216831421,210.552583920092,0,NA,NA,"8411","1"
84120,5.71646944444444,5.41087777777778,1.94818888888889,0.911944444444444,0.405244444444444,5.70598055555556,378.5,363.5,376.5,396.5,220.5,333.5,332.456579962082,367.048218988094,332.050888220021,0,NA,NA,"8412","0"
84121,6.1997,3.7636,3.1382,0.6072,0,3.108,428,467,362.5,455.5,279.5,185.5,327.218719074412,321.535794569419,385.373414208773,0,NA,NA,"8412","1"
85100,5.71646944444444,5.41087777777778,1.94818888888889,0.911944444444444,0.405244444444444,5.70598055555556,378.5,363.5,376.5,396.5,220.5,333.5,332.456579962082,367.048218988094,332.050888220021,0,NA,NA,"8510","0"
85101,1.7524,1.79846666666667,0.8869,0.142711111111111,0,2.86808888888889,481,467,488,461,382,464,455.151061830635,470.766477966145,453.231128342688,0,NA,NA,"8510","1"
85102,5.7178,4.4298,2.6703,0.5244,0,5.2,440.5,467,375,408,253,237,340.039505780882,349.558833309327,371.931714459617,0,NA,NA,"8510","2"
85103,0.5082,0.7852,0.3042,0,0,1.9539,496.5,467,499,478,454,495,481.989022545309,485.403678323563,479.281280923745,0,NA,NA,"8510","3"
85104,6.1997,3.7636,3.1382,0.6072,0,3.108,428,467,362.5,455.5,279.5,185.5,327.218719074412,321.535794569419,385.373414208773,0,NA,NA,"8510","4"
85110,3.2754,7.3216,1.5744,1.75,0,4.4863,193,467,450.5,425.5,162.5,384.5,291.812637704289,430.557011343929,278.286352699213,0,NA,NA,"8511","0"
85111,2.418125,5.9396,1.771825,1.645,0,2.7936,209.5,467,471,463,202,352,317.122523133432,432.739803625269,310.804738534679,0,NA,NA,"8511","1"
85121,3.36873333333333,4.16142222222222,1.53405555555556,0.8316,0,1.77777777777778,390,467,446,480,263,397,391.878269566202,446.157018400054,390.676452516385,0,NA,NA,"8512","1"
90010,11.65425,9.7524,4.4268,1.5471,1.0241,15.90675,222,204,191,116,114,91,140.571474166417,135.579635359615,157.166735061795,0,NA,NA,"9001","0"
90011,13.1982612244898,15.3237428571429,5.97158571428571,2.23296734693878,1.99830612244898,15.5246428571429,123,86,125,136,41,51,77.0863021747268,87.0306868046907,85.318305194516,0,NA,NA,"9001","1"
92010,12.3768,11.6116,1.58,2.5,0.475,12.2344,97,347,154.5,234.5,85.5,377.5,158.071531168469,247.024530664078,141.580927678901,0,NA,NA,"9201","0"
92011,12.3768,11.6116,1.58,2.5,0.475,12.2344,97,347,154.5,234.5,85.5,377.5,158.071531168469,247.024530664078,141.580927678901,0,NA,NA,"9201","1"
92012,12.3768,11.6116,1.58,2.5,0.475,12.2344,97,347,154.5,234.5,85.5,377.5,158.071531168469,247.024530664078,141.580927678901,0,NA,NA,"9201","2"
92013,12.3768,11.6116,1.58,2.5,0.475,12.2344,97,347,154.5,234.5,85.5,377.5,158.071531168469,247.024530664078,141.580927678901,0,NA,NA,"9201","3"
92014,12.3768,11.6116,1.58,2.5,0.475,12.2344,97,347,154.5,234.5,85.5,377.5,158.071531168469,247.024530664078,141.580927678901,0,NA,NA,"9201","4"
92015,12.3768,11.6116,1.58,2.5,0.475,12.2344,97,347,154.5,234.5,85.5,377.5,158.071531168469,247.024530664078,141.580927678901,0,NA,NA,"9201","5"
92020,12.3768,11.6116,1.58,2.5,0.475,12.2344,97,347,154.5,234.5,85.5,377.5,158.071531168469,247.024530664078,141.580927678901,0,NA,NA,"9202","0"
92021,12.3768,11.6116,1.58,2.5,0.475,12.2344,97,347,154.5,234.5,85.5,377.5,158.071531168469,247.024530664078,141.580927678901,0,NA,NA,"9202","1"
92022,12.3768,11.6116,1.58,2.5,0.475,12.2344,97,347,154.5,234.5,85.5,377.5,158.071531168469,247.024530664078,141.580927678901,0,NA,NA,"9202","2"
92023,12.3768,11.6116,1.58,2.5,0.475,12.2344,97,347,154.5,234.5,85.5,377.5,158.071531168469,247.024530664078,141.580927678901,0,NA,NA,"9202","3"
92024,12.3768,11.6116,1.58,2.5,0.475,12.2344,97,347,154.5,234.5,85.5,377.5,158.071531168469,247.024530664078,141.580927678901,0,NA,NA,"9202","4"
92100,6.0237125,6.9695609375,1.7772890625,1.038759375,1.0219921875,10.430834375,349,205,367,286,173,351,266.651743902253,287.832115671235,254.318970805208,0,NA,NA,"9210","0"
92101,12.9846,12.5172,3.195,1.54,1.0044,13.186,229,215,136,205,63,169,140.718068524702,176.478725130757,136.031861868593,0,NA,NA,"9210","1"
93100,5.1754,7.54,3.1768,0.3125,0,5.2428,465.5,467,389.5,405.5,156.5,175.5,281.47675172803,311.931734005561,319.480136384421,0,NA,NA,"9310","0"
93101,8.64353333333333,7.38111111111111,3.38504444444444,1.73888888888889,1.25611111111111,12.7325333333333,197,159,294,217,160,155,188.094094864985,193.824340919217,196.165577765031,0,NA,NA,"9310","1"
93102,3.43647777777778,4.72977777777778,0.994133333333333,0.930844444444444,0.3741,7.72941111111111,371,367,443,359,242,452,358.031003478188,401.811089022482,343.623252709372,0,NA,NA,"9310","2"
93200,8.8205,8.94226666666667,2.30533333333333,1.84888888888889,0.72,8.39066666666667,176,296,288,338,126,286,224.004992449596,301.627642079442,214.584936895629,0,NA,NA,"9320","0"
94100,5.1754,7.54,3.1768,0.3125,0,5.2428,465.5,467,389.5,405.5,156.5,175.5,281.47675172803,311.931734005561,319.480136384421,0,NA,NA,"9410","0"
94101,3.43915,5.198175,1.267325,0.8064,0,2.85645,391,467,442,462,227,425,378.828084919606,449.370870633243,370.620167975557,0,NA,NA,"9410","1"
94102,6.28002,9.3879,1.191936,1.243152,0.242804,6.465928,307,399,358,382,118,437,274.854887028777,392.94327319248,255.79901523072,0,NA,NA,"9410","2"
94103,5.288775,6.8382,1.17150833333333,1.09062222222222,0.166025,6.14941666666667,345,409,386,389,178,441,327.39805565438,406.109935289604,311.257462705022,0,NA,NA,"9410","3"
94104,8.5255,6.784,2.0412,1.215,0.93,9.7713,318.5,241.5,304,308,184,318,268.952910842844,290.413970831213,260.77058560927,0,NA,NA,"9410","4"
94105,6.697488,7.5544,1.199676,1.622352,1.04315,8.637132,214,200,350,330,154,435,247.508119817881,304.440572202668,227.810661171231,0,NA,NA,"9410","5"
94106,4.555725,5.783625,0.483,1.697025,1.015625,9.386125,198,206,400,320,207,489,268.89451725382,320.493185567929,246.636297790288,0,NA,NA,"9410","6"
94107,8.4732,5.3592,1.7622,0.3125,1.0044,6.1912,465.5,215,308,388,223,354,302.093819561012,301.807728390707,293.350137692525,0,NA,NA,"9410","7"
94110,10.80905,8.0907,2.174475,0.515625,1.36485,9.65455,448.5,140,224,314,142,296,219.812824019137,221.260359585164,208.951941666955,0,NA,NA,"9411","0"
94111,6.17866390532544,7.28284733727811,1.24477514792899,1.37842603550296,0.967633727810651,8.48333017751479,262,227,365,335,165,429,269.707105125781,322.061782306946,250.994268868234,0,NA,NA,"9411","1"
94112,4.2816,6.6963,1.22256,1.065148,0.206976,6.252972,347,407,411,387,187,431,334.019717591965,409.404041094457,319.525637854205,0,NA,NA,"9411","2"
94120,2.0709,3.64,1.6199,0.5244,0.1344,2.2968,440.5,416.5,479,473,284,366,397.698102485435,429.505148411955,404.464474080553,0,NA,NA,"9412","0"
94121,4.8678,5.083575,1.414025,1.6544,0.515625,6.612,205.5,336.5,394,377,230,414,304.238512938161,379.155913789332,288.821501377668,0,NA,NA,"9412","1"
94122,3.2712,4.0053,0.9966,1.6544,0,4.4969,205.5,467,452,424,271,449,344.066158809206,448.459600201579,328.595329709864,0,NA,NA,"9412","2"
94123,5.825,3.0492,0.96,0.5244,0.75,11.2992,440.5,285.5,371,265,317,454,341.969314623061,329.604024934223,325.783163311683,0,NA,NA,"9412","3"
94124,4.10825625,9.51305625,0.796125,2.006875,0.848125,6.03916875,146,257,418,391,115,473,227.732162848485,366.188736191569,206.2958609538,0,NA,NA,"9412","4"
94129,2.4495,3.3034,0.7896,1.4344,0.8897,2.5536,250,252,470,469,301,475,340.918129999617,388.190796119415,322.60784791032,0,NA,NA,"9412","9"
94130,3.40035555555556,2.98933333333333,0.6424,0.75,0.444444444444444,5.20486666666667,403,359,444,407,321,481,396.524448282573,418.820188690683,382.942609757617,0,NA,NA,"9413","0"
94131,1.6471,1.3072,0.5289,0.28,0,1.5322,476,467,491,484,416,487,469.673714140572,483.073791194864,466.172399121687,0,NA,NA,"9413","1"
94132,2.0328,1.35625,1.42725,0.2975,0,2.587,475,467,480,468,410,407,450.015937412639,454.600690081245,459.479397014281,0,NA,NA,"9413","2"
94133,8.5255,6.784,2.0412,1.215,0.93,9.7713,318.5,241.5,304,308,184,318,268.952910842844,290.413970831213,260.77058560927,0,NA,NA,"9413","3"
94140,6.2430625,4.17835,1.31008125,0.884225,0.45980625,8.65944375,381,356.5,359,329,262,422,345.03714243167,364.652424550695,332.770595600589,0,NA,NA,"9414","0"
94141,4.2845,3.70048888888889,0.8996,0.3025,0.0416,3.23591111111111,473,431,410,452,282,462,406.545074375003,438.825644260172,396.866850391471,0,NA,NA,"9414","1"
94142,6.60484375,4.2081375,1.4826,0.75500625,0.45980625,7.8342,394,356.5,352,356,261,404,347.851097946471,366.961695875946,338.30360194071,0,NA,NA,"9414","2"
94143,8.5255,6.784,2.0412,1.215,0.93,9.7713,318.5,241.5,304,308,184,318,268.952910842844,290.413970831213,260.77058560927,0,NA,NA,"9414","3"
94150,9.1809,1.5345,2.6108,1.3125,1.54,12.4488,281.5,117.5,279,222,397,241,224.894558488932,193.922625160654,221.759603181706,0,NA,NA,"9415","0"
94151,19.16,4.2218,2.0349,1.75,1.54,19.642,193,117.5,35,40,260,323,82.5544359014289,62.8009933873912,71.8464126696497,0,NA,NA,"9415","1"
94152,5.5692,2.6752,0.7952,1.62,1.4256,6.509,215,133.5,380,381,337,474,268.205692075951,270.586923539878,246.723186554923,0,NA,NA,"9415","2"
94153,15.133,2.538,0.8967,3,3.8556,14.9699,70.5,41,80,150,343,463,97.0467343972005,89.0216462924443,83.7932042524732,0,NA,NA,"9415","3"
94200,7.343875,8.033625,1.0676,1.53125,1.113125,7.825875,240.5,195,339.5,357.5,148.5,444.5,251.017483374914,305.974904235367,230.861057162691,0,NA,NA,"9420","0"
94201,8.35833333333333,5.2026,1.20633333333333,1.42222222222222,0.7866,9.592,256,270,314,315,226,433,290.843075810199,324.324030615554,272.843345779141,0,NA,NA,"9420","1"
94202,6.5151,4.839375,1.04405,1.26375,0.598125,8.3325,301,316,354,340,239,446,322.249935805558,359.028934680067,305.213936617177,0,NA,NA,"9420","2"
94203,9.82065,7.941375,2.377875,1.53125,0.84,9.06015,240.5,260.5,258,322,150,271,237.89845486175,276.67221367938,232.079147849948,0,NA,NA,"9420","3"
94204,7.343875,8.033625,1.0676,1.53125,1.113125,7.825875,240.5,195,339.5,357.5,148.5,444.5,251.017483374914,305.974904235367,230.861057162691,0,NA,NA,"9420","4"
94205,8.5255,6.784,2.0412,1.215,0.93,9.7713,318.5,241.5,304,308,184,318,268.952910842844,290.413970831213,260.77058560927,0,NA,NA,"9420","5"
94210,5.58708888888889,5.45208888888889,1.61155555555556,1.185,0.622577777777778,8.48075555555556,329,314,379,336,218,368,314.464068069796,348.323787956529,305.435762407094,0,NA,NA,"9421","0"
94212,8.5255,6.784,2.0412,1.215,0.93,9.7713,318.5,241.5,304,308,184,318,268.952910842844,290.413970831213,260.77058560927,0,NA,NA,"9421","2"
94213,2.7208,2.106,0.2751,0.75,0.8556,7.4493,403,256,466,362,370,496,375.705930485082,370.395352232583,358.220988251412,0,NA,NA,"9421","3"
94219,7.834352,8.61784,1.78356,1.631872,0.754048,7.936524,212,276,330,353,134,348,245.663147772123,324.637258599471,231.928607789021,0,NA,NA,"9421","9"
95100,3.2522,3.168,1.4151,0.3125,0.3125,6.681,465.5,382.5,455.5,373.5,309.5,410.5,393.114270744244,404.101506634332,389.632531626036,0,NA,NA,"9510","0"
95101,3.2522,3.168,1.4151,0.3125,0.3125,6.681,465.5,382.5,455.5,373.5,309.5,410.5,393.114270744244,404.101506634332,389.632531626036,0,NA,NA,"9510","1"
95102,7.8375,6.21483333333333,1.90528888888889,0.444444444444444,0.959933333333333,8.62595555555555,454,229,329,331,196,339,291.18724552553,300.044546549744,283.059644965911,0,NA,NA,"9510","2"
95103,3.2522,3.168,1.4151,0.3125,0.3125,6.681,465.5,382.5,455.5,373.5,309.5,410.5,393.114270744244,404.101506634332,389.632531626036,0,NA,NA,"9510","3"
95104,3.2522,3.168,1.4151,0.3125,0.3125,6.681,465.5,382.5,455.5,373.5,309.5,410.5,393.114270744244,404.101506634332,389.632531626036,0,NA,NA,"9510","4"
95105,3.5329,3.179675,0.5792,0.87890625,0.62890625,5.6797125,382,312,437,398,306,483,376.915919779444,397.995116777319,360.944272889664,0,NA,NA,"9510","5"
95106,3.2522,3.168,1.4151,0.3125,0.3125,6.681,465.5,382.5,455.5,373.5,309.5,410.5,393.114270744244,404.101506634332,389.632531626036,0,NA,NA,"9510","6"
95107,3.2522,3.168,1.4151,0.3125,0.3125,6.681,465.5,382.5,455.5,373.5,309.5,410.5,393.114270744244,404.101506634332,389.632531626036,0,NA,NA,"9510","7"
95109,6.23837119113574,6.91366897506925,2.13499252077562,1.27356315789474,0.703684210526316,7.05429362880886,299,300,360,367,175,302,284.020776787121,330.303798562092,280.506717640708,0,NA,NA,"9510","9"
